,Probe_ID,pval
0,cg04015962,0.000256912088564
0,cg17316747,6.65328432143e-06
0,cg25771797,0.00261375058752
0,cg18273817,2.54864246536e-05
0,cg13375463,0.000394945782024
0,cg16090254,4.35930899642e-07
0,cg13997788,2.41612804807e-05
0,cg19998573,0.000666402357399
0,cg14515812,0.00268577441991
0,cg08465120,0.00174151729487
0,cg02625804,0.000345655161293
0,cg00063111,0.000268384017009
0,cg20806296,6.15699929092e-05
0,cg20280835,2.79064961015e-06
0,cg18166376,0.000441310544872
0,cg16058600,0.000853961376506
0,cg18762505,0.00192908943888
0,cg17158584,0.00174305632835
0,cg12762413,6.01818053985e-05
0,cg14973995,0.000145732136065
0,cg13202591,0.00132465817986
0,ch.2.1382002F,0.00281772583477
0,cg05384123,0.00102313094362
0,cg19597529,2.17665867514e-06
0,cg19224645,0.00130481760258
0,cg12608507,2.47085183521e-05
0,cg08912801,3.01792929618e-05
0,cg12080906,0.000793512244223
0,cg08638929,0.000130087475647
0,cg21647278,0.00148203568248
0,cg27175016,0.00333239376031
0,cg27179680,5.80132218002e-05
0,cg02391509,0.000747118750974
0,cg01885559,2.40003066622e-05
0,cg06355129,0.000190189380747
0,cg04536829,0.000337075079997
0,cg17937726,0.00192683947184
0,cg03114471,0.00126365115158
0,cg07790079,0.000234760871205
0,cg12127282,0.00381918601336
0,cg02639181,0.000655851065593
0,cg27200895,0.000345192480039
0,cg16537483,2.78637693135e-05
0,cg25599129,4.62789325211e-05
0,cg20457732,0.000544399761407
0,cg14820213,3.06042819672e-05
0,cg10146935,0.000387930399848
0,cg04830808,0.00225697863582
0,cg08851727,0.00125944791503
0,cg02439789,0.000450546856482
0,cg20193910,0.000265019798681
0,cg20822540,0.0016242517623
0,cg26533350,0.000236461922586
0,cg18921030,0.000225257570526
0,cg18951332,0.000207462221919
0,cg24362661,0.00275181241096
0,cg04548815,0.000170577139216
0,cg09256413,0.00124615892025
0,cg22430985,4.82868478914e-05
0,cg03420978,0.000826331193288
0,cg21101086,0.00257986147003
0,cg22819171,1.5587777491e-06
0,cg15012468,0.00035031378089
0,cg02938205,0.000916052471099
0,cg25104727,0.00147717337327
0,cg18968196,5.74072943799e-05
0,cg12215739,0.00171351996795
0,cg04238038,0.000203258542877
0,cg04121631,0.00203343245447
0,cg03352189,0.000460263920875
0,cg08466571,0.00132465817986
0,cg21282663,5.28626530095e-07
0,cg27665808,0.000320290047886
0,cg03540175,0.000944371883557
0,cg07929768,0.000172807084454
0,cg17139085,2.62977964428e-05
0,cg17673205,1.01513576664e-05
0,cg01931994,0.00208417916873
0,cg00610692,0.000856368784318
0,cg01884057,0.00276893957888
0,cg12221689,1.84884166481e-05
0,cg24841257,0.00055310521295
0,cg23672278,6.46678710495e-10
0,cg00586420,0.000605564035007
0,cg22721579,1.37477521409e-06
0,cg11170044,0.000668105026162
0,cg18731202,9.44261138953e-06
0,cg15038286,0.000144701659979
0,cg00094744,0.00365160001911
0,cg18379829,0.000577946267032
0,cg26837708,0.000988361294346
0,cg01003595,0.000220413257349
0,cg26398848,0.00041629186578
0,cg00186462,0.000223169394626
0,cg15985533,0.00259896707507
0,cg18034501,0.00010972394775
0,cg07130714,0.000397046917628
0,cg04134754,0.00102913951075
0,cg03507534,0.000757100720866
0,cg22956649,0.00370908310488
0,cg06792975,6.6980017558e-06
0,cg22109530,0.00271707705261
0,cg25032124,0.00162907091922
0,cg17054900,0.000559944807679
0,cg26837570,0.000189395086966
0,cg13995497,0.000629135008536
0,cg06611109,0.000308319155592
0,cg23981150,0.00168294806209
0,cg01776738,0.00128875147133
0,cg14150727,0.000478245586167
0,cg16708733,1.92164999352e-05
0,cg01571001,0.000185146276318
0,cg19185846,0.000520389557403
0,cg18856091,0.000324739332519
0,cg18792364,7.57750402588e-05
0,cg19746343,0.00280032652227
0,cg09006487,0.000551853745137
0,cg15676719,7.58870026771e-05
0,cg01530605,0.00383066945291
0,cg05960182,0.00102913951075
0,cg03970900,0.000597441530842
0,cg12962542,0.001010898285
0,cg00822399,0.000233633186581
0,cg10091265,0.000459057581825
0,cg01775379,0.00268729379004
0,cg01352688,0.00229029464613
0,cg13172432,0.00291844983527
0,cg22862846,4.62438040373e-05
0,cg04275362,0.000478089177432
0,cg26059632,0.000120706785139
0,cg07321536,4.96395583416e-05
0,cg23849410,0.00037800110163
0,cg14221700,0.000199342330159
0,cg19269426,2.2050244959e-05
0,cg20674424,0.000504711946351
0,cg04977528,0.00364459608565
0,cg14458626,3.42979304775e-06
0,cg26689483,0.000520051350949
0,cg05021771,3.84595420874e-05
0,cg09096031,0.00265404631147
0,cg27587661,0.00195172073928
0,cg01809639,0.000190123070867
0,cg16259859,3.97938005666e-05
0,cg06161375,0.000555616025157
0,cg20140333,0.00376120192312
0,cg13069100,1.77086001426e-05
0,cg12656391,0.0017835081923
0,cg23115387,0.00156323849793
0,cg22904096,0.000162209311201
0,cg17553300,0.00186207356984
0,ch.1.949135F,0.000410959171584
0,cg00180447,0.00032946736306
0,cg24861436,1.37801075199e-05
0,cg23647554,0.00357423443586
0,cg14994183,0.00200410792605
0,cg09281979,0.00229885789735
0,cg08903855,9.2584904816e-05
0,cg15832577,0.000137383431991
0,cg07213119,1.58615326449e-05
0,cg18188326,0.00113914593928
0,cg20995564,4.86171221322e-05
0,cg21386414,0.000474039142839
0,cg04874074,0.000212187323524
0,cg15106030,0.00126021118733
0,cg27565811,0.000295262681898
0,cg20694425,0.00187135945243
0,cg17360256,0.000202062160394
0,cg25193077,1.97823002454e-05
0,cg15138396,0.00123712074231
0,cg13808842,0.00183339168478
0,cg09757127,2.731442716e-05
0,cg09410512,3.28314276574e-07
0,cg22309949,0.000569063429827
0,cg13867253,0.00235826624768
0,cg23449544,0.000102286243779
0,cg18660329,0.00242736558705
0,cg12524958,0.000130646309709
0,cg04368242,2.46697355421e-05
0,cg17907003,0.00140175126387
0,cg18007641,4.53220238271e-05
0,cg13497089,0.00285923979271
0,cg19940644,0.0013557524779
0,cg12427162,0.00131867724379
0,cg10978799,0.00447335765891
0,cg10840412,0.000194072549797
0,cg23575858,0.000665977316227
0,cg04929932,0.000298376700203
0,cg20587874,0.00348295614138
0,cg10000184,0.000120187928254
0,cg09769647,0.00438055353373
0,cg08634298,0.000274203990662
0,cg16975614,1.16189538078e-05
0,cg22657302,0.000213070564215
0,cg22174337,7.3609024142e-08
0,cg01052636,0.000256824291116
0,cg23656322,0.00032332239829
0,cg23800435,0.000355743299167
0,cg22073152,0.00142592208202
0,cg04094178,0.00279717344565
0,cg03469233,0.0028296448562
0,cg24265969,9.04262833181e-07
0,cg04522045,0.000195973586007
0,cg00597607,0.000507679774552
0,cg24796645,0.00210357961678
0,cg10583997,0.000109091821823
0,cg07572052,6.89498910032e-05
0,cg23923820,0.000256035371681
0,cg20634498,0.000561213230363
0,cg07582204,0.00407907963543
0,cg23489137,0.000219501628095
0,cg14513071,0.00100840567014
0,cg17815049,2.32385354909e-06
0,cg04214459,0.000432392490164
0,cg02495518,0.000179284706797
0,cg21566642,0.00100716147891
0,cg01832549,3.84561448459e-07
0,cg11165254,0.00131827939374
0,cg06795233,0.00190725372301
0,cg02697373,0.000282722419045
0,cg00088797,7.27868876052e-06
0,cg14615927,3.89492553134e-05
0,cg06885782,0.00222730615803
0,cg18422055,0.000603039091201
0,cg24252656,2.78964073371e-05
0,cg24699146,0.00195115203021
0,cg10143433,0.00100219878856
0,cg12910806,0.00028746321417
0,cg17729941,0.000372132546943
0,cg20907051,0.00137299272893
0,cg23208326,0.000123288538642
0,cg01280080,4.01069872186e-06
0,cg10236603,0.000929246640333
0,cg25242471,0.00028610120262
0,cg17335199,0.000205385962391
0,cg21571160,0.000978931055798
0,cg19320294,0.00094554467937
0,cg15597107,2.16187900544e-05
0,cg03396826,0.00254854211652
0,cg00345522,0.00248268465592
0,cg23893620,0.000155156211709
0,cg09373148,0.000261427036521
0,cg25117092,0.00106522114774
0,cg15697575,0.00129226260739
0,cg08274176,0.000973493410991
0,cg20280170,0.0002118936705
0,cg14460735,0.000581872660222
0,cg01431482,0.000620521715144
0,cg26840082,0.000901064042882
0,cg06525280,2.98758383365e-05
0,cg09685982,0.00102502489971
0,cg11953245,0.000903874680323
0,cg23517954,8.62465009758e-05
0,cg27120405,0.000784570047438
0,cg02880032,0.000191319961191
0,cg03601920,0.00199538573768
0,cg03630015,0.000440150322892
0,cg06323052,0.000228936100763
0,cg06773116,2.5656830285e-05
0,cg21117808,0.000438415291145
0,cg27636676,0.0012077920726
0,cg16512144,0.00115772893558
0,cg01845041,0.00436760513099
0,cg19276111,0.00253481313419
0,cg24834199,3.33271130755e-05
0,cg06971903,1.38303574693e-05
0,cg25618424,0.0004763718056
0,cg19590598,0.000104458724306
0,cg21445527,9.91645196937e-06
0,cg17497490,0.000143270457078
0,cg03228449,0.00296295786397
0,cg21610854,0.000109170650159
0,cg22374924,0.000416016840194
0,cg03129884,0.000287268272143
0,cg17137424,0.00307519942414
0,cg06543615,0.00130009646878
0,cg01896579,3.5820227744e-05
0,cg23954416,0.00109270456352
0,cg19449917,0.00154658848002
0,cg25838818,0.000122407619892
0,cg26572896,0.00298878427708
0,cg16781992,0.000988666879311
0,cg22160121,8.61202114631e-05
0,cg03387723,0.000113589502276
0,cg10014308,0.0010228155966
0,cg14657532,0.00201286471443
0,cg16000360,4.1415543948e-06
0,cg15654025,0.00222026314341
0,cg03343083,3.42404925766e-05
0,cg04453050,0.00100747239458
0,cg02219026,0.00347049873047
0,cg08197287,1.47354711261e-05
0,cg24452347,0.00044980732136
0,cg14989033,3.61944482439e-05
0,cg04799778,0.00300051416689
0,cg12267933,8.97884916824e-05
0,cg14832904,0.00159371549694
0,cg01927825,0.000286295407106
0,cg08106708,0.000335383000991
0,cg14775423,0.00446975605241
0,cg14832490,1.90861904656e-06
0,cg21029631,0.00127517982257
0,cg06855506,0.000724067696204
0,cg27557134,0.000458906995622
0,cg16387254,0.000532874278308
0,cg07695835,0.00093998578902
0,cg11674448,0.000903593254433
0,cg26348348,0.00096240301712
0,cg17445155,0.000435250857682
0,cg10755899,0.000469251798754
0,cg12337011,0.00169641809604
0,cg16009734,5.36321041627e-05
0,cg09455823,0.000702789262263
0,cg03611151,0.000153519755956
0,cg08202226,0.00248622393003
0,cg24683910,0.000268566995391
0,cg25592206,2.54864246536e-05
0,cg16553119,0.000180670385099
0,cg08494390,0.000232910917292
0,cg18160841,1.1519842838e-05
0,cg16261737,0.00233540879531
0,cg00701946,0.00280901402468
0,cg16353628,0.000173536146553
0,cg18074165,0.00138626232766
0,cg19238325,0.000721318621339
0,cg00806481,5.85833513118e-06
0,cg23927469,0.00438881127515
0,cg24586554,0.00139001545113
0,cg23989110,5.40984890503e-05
0,cg20865740,8.57738115225e-05
0,cg10115348,0.000259204665915
0,cg18712919,0.00143664287579
0,cg21220403,2.11283360815e-05
0,cg06359703,0.000125247534917
0,cg25509697,4.79405239931e-05
0,cg07967717,0.0004763718056
0,cg23090529,0.000278243631116
0,cg18182216,8.82116888549e-06
0,cg20734569,6.32473475801e-05
0,cg06124390,0.000172625267142
0,cg23045908,2.55538911736e-06
0,cg17317561,0.000183151456729
0,cg15869022,0.00118558283081
0,cg03043406,5.16949828864e-07
0,cg11592082,3.43331219516e-05
0,cg13148151,0.000839121275769
0,cg18664514,3.04738267324e-05
0,cg13368983,0.000191854169709
0,cg07027119,0.00274173681196
0,cg09373597,7.06586070566e-05
0,cg21140898,2.11701972366e-05
0,cg22987992,1.20382670743e-05
0,cg11906781,0.000105332165544
0,cg05740739,1.04214242701e-05
0,cg15495594,0.00275880738936
0,cg13842305,0.000313141119371
0,cg26808167,0.000740297358145
0,cg11953088,5.39967766821e-05
0,cg09230763,1.41159085014e-06
0,cg15392111,2.62435375071e-06
0,cg26608693,0.00420918058292
0,cg00361155,4.26434442594e-05
0,cg18419276,0.00120083394081
0,cg18414754,2.32563389386e-05
0,cg18918637,0.000143576022358
0,cg09847153,0.00353513332237
0,cg12279518,0.00258059394767
0,cg18262993,0.000308735697952
0,cg25149238,0.000271510502831
0,cg14851700,0.000216712879624
0,cg09332960,6.905452739e-08
0,cg11557929,0.00014807589468
0,cg11705208,7.46609676053e-06
0,cg25308803,0.000456653688513
0,cg21110576,2.42755247611e-05
0,cg11159295,0.000136797623013
0,cg04985251,0.000976510891478
0,cg17077180,0.00223436941178
0,cg24872425,0.0017440830382
0,cg17800870,5.77961300603e-05
0,cg25892286,0.00251971680818
0,cg11233000,0.00048915296156
0,cg06742021,0.00273787045644
0,cg26038649,1.67461513207e-06
0,cg03782202,0.000491393974547
0,cg11669516,0.000739127072539
0,cg18451016,0.00113705951247
0,cg08530484,0.00106587587699
0,cg05093811,0.000733069020412
0,cg27295642,1.8042722998e-06
0,cg02673986,7.71289112138e-05
0,cg27461259,0.000426305843274
0,cg24144893,0.00114193329736
0,cg09584591,0.000767447509607
0,cg20366479,0.000124531819064
0,cg17480077,0.000201221619283
0,cg17415451,2.75931890345e-05
0,cg20012601,0.00303256180466
0,cg16198908,0.00413918934468
0,cg19108435,4.62438040373e-05
0,cg18802998,0.00346571808546
0,cg04742556,4.38798454604e-05
0,cg13288301,0.000484224356289
0,cg04286823,0.000116404546783
0,cg16322479,0.00097711541704
0,cg22979368,0.000129253425437
0,cg00039176,0.000537910419542
0,cg04380118,0.000579439139483
0,cg02515553,0.000178095988937
0,cg01942845,0.00191674409444
0,cg17235766,0.000205101109682
0,cg06670463,0.00301649964431
0,cg14273083,0.00122739709783
0,cg24499605,2.28349756947e-07
0,cg04364219,0.000556335333392
0,cg09721961,0.000178595600508
0,cg00011856,3.38860977044e-06
0,cg25707877,2.72611258974e-05
0,cg06638451,0.000682958014877
0,cg12606933,0.000151953223041
0,cg01300914,0.00227194876773
0,cg21159260,0.00337413665633
0,cg23151014,9.32966911128e-05
0,cg11869018,0.000524975309135
0,cg22497969,4.99200476334e-07
0,cg16240781,1.81958691858e-05
0,cg07507251,0.00099172750245
0,cg16016281,0.00278851899502
0,cg15712177,0.00339002810306
0,cg20604286,0.000255685466442
0,cg17280299,0.000388317088338
0,cg05040210,0.000856368784318
0,cg06819718,0.00103677554857
0,cg08550242,0.000747118750974
0,cg05663643,0.000887130963232
0,cg17432513,0.0011873890937
0,cg12833118,0.000247335518789
0,cg15943139,0.0010215551001
0,cg14187813,3.24956618491e-06
0,cg03608520,0.000183856984449
0,cg11927233,2.4594065314e-08
0,cg01450725,0.000724756472157
0,cg16732787,9.14099267094e-05
0,cg10613707,0.00165777007157
0,cg23630869,0.0019173036855
0,cg21026199,0.000136846350866
0,cg16704889,0.00103613723256
0,cg15679981,3.36896629508e-05
0,cg26817546,0.00176732999661
0,cg08897844,0.000751144374586
0,cg24148304,0.000126872025402
0,cg16246747,0.000231233715822
0,cg04744409,0.000366104444194
0,cg10030658,0.000181938776824
0,cg14831653,9.66165698361e-05
0,cg17435683,0.00358604023998
0,cg10661769,1.4050127442e-05
0,cg09732405,5.31895489937e-05
0,cg26922678,0.00165973234623
0,cg24780796,0.000426587172025
0,cg03891318,0.00224274305657
0,cg19641327,0.00237996393581
0,cg09424348,0.0025499911754
0,cg27420889,0.000353491262279
0,cg21562809,3.39115999916e-05
0,cg17686487,0.00109404533881
0,cg23778943,0.00242875219756
0,cg03477332,0.000116992183637
0,cg18261909,0.000245730035636
0,cg10230427,0.000128746199228
0,cg08063911,0.00277284550824
0,cg15801019,0.000479185034302
0,cg18505453,0.00213854286414
0,cg15221642,0.000295362660087
0,cg00405803,0.000412184137758
0,cg26860970,0.000278811688643
0,cg16786756,0.000175740633018
0,cg27164797,0.000337640867696
0,cg00703542,3.12281694936e-05
0,cg09187505,0.00062491481856
0,cg18764008,0.00195456654373
0,cg01713505,2.09782852339e-05
0,cg17745339,6.88475936638e-05
0,cg25608547,9.27539132322e-05
0,cg13143743,0.000356814699907
0,cg21745283,0.00197977260701
0,cg03455284,2.76197154802e-07
0,cg27025079,0.0022595757006
0,cg21004358,0.000745702695023
0,cg00649377,0.000507349219973
0,ch.5.2733100F,0.000719035078175
0,cg03183936,0.00303171451088
0,cg17394530,0.00482241869749
0,cg01498609,0.000661107288266
0,cg23289079,0.000497200305851
0,cg13316813,1.63414474127e-06
0,cg02580917,0.000246151586378
0,cg03298716,0.000136505597228
0,cg26598350,5.7106573794e-05
0,cg13615516,0.00284240859025
0,cg23222488,0.000564304753259
0,cg26419659,1.82103915679e-05
0,cg16580391,0.000105752318617
0,cg18712348,0.000636634663763
0,cg05491854,5.84658261864e-07
0,cg05530317,0.000217087794896
0,cg24082121,2.74367025096e-06
0,cg13412545,0.00416841273406
0,cg24132989,0.000119456461973
0,cg04270358,0.000197616880486
0,cg25744682,1.99242231097e-05
0,cg12485135,0.00222026314341
0,cg08288016,0.00252689536799
0,cg25772365,0.000246827470481
0,cg14643075,0.00374375647222
0,cg04439458,7.37043210188e-05
0,cg16698038,0.00254058558887
0,cg08818610,4.42513812436e-07
0,cg27264993,0.000127326767189
0,cg15176413,0.000499312600297
0,cg17811323,2.0994907486e-05
0,cg26342114,0.00164799035685
0,cg03595533,0.0017882302575
0,cg05089464,0.000604980490421
0,cg00655552,0.00127440826201
0,cg15705930,3.3044845899e-05
0,cg24154271,0.00290619392209
0,cg18373318,0.00114088730674
0,cg11197664,0.00130600033252
0,cg14359052,0.00333885645444
0,cg15115365,2.60154836155e-06
0,cg02760293,0.00182748941585
0,cg07411165,0.00151603080556
0,cg07760544,0.00419101771634
0,cg21747070,0.00141527437812
0,cg19535980,0.000184694065744
0,cg12829747,9.45428734749e-06
0,cg20380468,0.0010622794273
0,cg23404435,0.00153329373829
0,cg13447295,0.00018618379031
0,cg04638710,0.000107526433661
0,cg08452348,1.10814497033e-05
0,cg00121255,0.00051033139644
0,cg04018738,0.00177305530028
0,cg26942124,3.41876677226e-05
0,cg12128839,0.00171149986899
0,cg00656735,0.00161082714294
0,cg09401705,0.00070145083706
0,cg05556461,0.000480283217301
0,cg04434244,1.26969074121e-05
0,cg03754044,0.000561939235513
0,cg23523480,0.00028610120262
0,cg19754283,4.48591373094e-05
0,cg07669182,0.00126518277972
0,cg03564557,0.000714487970451
0,cg22006640,0.000298679673582
0,cg04973183,1.29519661492e-05
0,cg25278663,9.4013618802e-05
0,cg21477075,0.00127865713456
0,cg03461110,3.97160974223e-09
0,cg18106582,0.000139154996535
0,cg09639133,7.37315766995e-05
0,cg09354267,0.000152060777385
0,cg26420013,0.00374478066303
0,cg26878870,2.00591481986e-05
0,cg00431813,0.00126250354367
0,cg18046394,0.000806087669208
0,cg02916332,0.000707492315743
0,cg26242687,0.000368553854791
0,cg15961920,0.000462230488585
0,cg17537347,0.000462988931695
0,cg18872497,0.00049283964188
0,cg14681511,0.00400994000349
0,cg05103917,0.000143067085492
0,cg00411097,4.74884070567e-05
0,cg23752752,8.59609874036e-08
0,cg05764839,0.00231474319295
0,cg26125060,0.000585823692208
0,cg08018143,0.000239816210011
0,cg05880490,0.00109036183042
0,cg13675055,0.000188209458043
0,cg24867279,0.000177846673585
0,cg23233589,6.57708555835e-05
0,cg17569124,0.00124087933575
0,cg22158992,0.0025413079806
0,cg27320005,0.000855565622387
0,cg22845236,0.000109288992943
0,cg13816423,0.00216776770125
0,cg15735240,2.00555168425e-07
0,cg02071600,0.000848633850489
0,cg13261390,0.000281955361144
0,cg24123198,0.00136763517835
0,cg12709009,9.20796148437e-05
0,cg01572513,0.00339659116733
0,cg04436554,4.35302812865e-05
0,cg20451680,7.40593859599e-05
0,cg22838357,6.24499664338e-05
0,cg12503394,1.34223116096e-05
0,cg16316394,0.00429410284847
0,cg21806580,0.000878592203074
0,cg26481402,0.00103486168192
0,cg16606731,0.000536690784298
0,cg02005600,0.00102660565298
0,cg23221052,0.000126283137865
0,cg04312119,0.000855298055734
0,cg14558529,0.00142934476259
0,cg10486974,0.00229358477944
0,cg04176995,3.22297782571e-06
0,cg01278041,0.00293733274675
0,cg12670305,0.00273169452335
0,cg15637912,0.00400667396914
0,cg05668580,0.000336171652715
0,cg01027929,0.0025333718743
0,cg27384088,0.00015803148523
0,cg20673840,8.9330215316e-05
0,cg23050437,0.00144354274676
0,cg21368161,0.000123997551522
0,cg21633052,9.44600227731e-05
0,cg06694826,3.28771088677e-06
0,cg23404351,0.00418875229419
0,cg03972135,0.000338661510988
0,cg00421223,0.00258792906714
0,cg18477569,0.00192290776554
0,cg11786623,3.80194054138e-05
0,cg15265092,6.25818537989e-06
0,cg00335591,0.00109404533881
0,cg03705366,8.84306736293e-06
0,cg00049595,0.000127691660654
0,cg05119988,0.000717895807209
0,cg24421397,0.00348679726294
0,cg18774611,0.00143406319572
0,cg18198306,0.000112327491313
0,cg08500200,0.000568879719982
0,cg22056094,0.000430260147845
0,cg15130459,8.97228885622e-05
0,cg04680393,8.82263982314e-05
0,cg20715953,0.000251779628306
0,cg19406113,0.00111775433903
0,cg08947151,0.000284745202141
0,cg20842915,0.000223477609771
0,cg04636402,0.0036097569094
0,cg14340928,8.21092307938e-05
0,cg22417733,0.000124442624792
0,cg14464563,0.000483749843236
0,cg08782481,2.44478518374e-05
0,cg11580351,0.00016980005674
0,cg14789272,1.32440598114e-05
0,cg20592075,0.000378126893096
0,cg17848407,8.2079069619e-05
0,cg05590265,0.00221387792293
0,cg21429551,6.15240038547e-05
0,cg01757168,0.000555795771551
0,cg15344504,2.77986017549e-05
0,cg21134601,0.000234518797879
0,cg00075467,0.000824260131821
0,cg13541527,3.8533364972e-05
0,cg16071125,0.0015488912719
0,cg00513205,0.00249686914577
0,cg26075423,0.000188801402573
0,cg07333545,2.70066486779e-05
0,cg16550757,0.000567412013647
0,cg16164356,0.000482802108783
0,cg04342483,0.000332357143697
0,cg01517571,0.00341257760054
0,cg16962115,0.00179243719326
0,cg18710053,0.000566679473893
0,cg06469726,0.00091662253225
0,cg06967105,0.00161273873518
0,cg23340345,0.000688852511369
0,cg11374681,0.000641748626926
0,cg15837233,1.1714099182e-05
0,cg26240231,0.00060400907029
0,cg23504411,0.00149447843827
0,cg00452133,0.000674310902594
0,cg16681246,4.92095489324e-05
0,cg01971258,6.45335290953e-05
0,cg14646075,0.000760455249411
0,cg10681065,0.000574971180944
0,cg21323720,3.24493822352e-05
0,cg20307885,0.00024006338002
0,cg27106204,3.99013210494e-06
0,cg19390658,5.84658261864e-07
0,cg00113096,7.14348139073e-07
0,cg06503315,0.000238010869828
0,cg11526630,0.00427907406527
0,cg21929183,0.000674525843785
0,cg25307665,0.000472644628595
0,cg20800117,0.000108384767726
0,cg00987534,0.00213237109906
0,cg00045689,0.000278716937437
0,cg11262850,0.00104574992959
0,cg12912022,0.000767931910434
0,cg16826055,0.00165629975251
0,cg17303540,0.00116552385354
0,cg15204816,2.84457636488e-06
0,cg03963919,1.23910949597e-05
0,cg21457401,0.00203816035466
0,cg14014955,0.00163487110106
0,cg12097989,0.000100520499475
0,cg08573926,0.00158899175157
0,cg21113900,0.0025082694554
0,cg10376100,1.8307277119e-07
0,cg23248424,0.00119137174371
0,cg19143336,0.000121969377968
0,cg06800658,0.000346118418886
0,cg00743056,0.00215217780428
0,cg05295566,0.00206613882379
0,cg01371493,0.00218408973737
0,cg15405432,0.000410823272917
0,cg02646423,0.00370908310488
0,cg02891314,0.000605564035007
0,cg21983607,3.92062086163e-06
0,cg26009832,0.000680786699966
0,cg15444149,0.00180988613059
0,cg18806033,0.000269667308877
0,cg05001932,0.000958831124381
0,cg13759905,0.00014490720752
0,cg20720208,0.00149805097566
0,cg09156207,4.49274301549e-05
0,cg13778078,5.94431729214e-05
0,cg25566141,3.40954097277e-05
0,cg27486743,0.000683393043641
0,cg19888017,6.79080973873e-05
0,cg01652244,0.0026465420724
0,cg11517269,0.00164360665451
0,cg27586596,0.000774254798798
0,cg18751141,0.000641748626926
0,cg05161119,0.00101433486261
0,cg18500431,2.68487451023e-05
0,cg19344315,4.38631395843e-05
0,cg02976309,0.00117408219352
0,cg16328548,1.00435579177e-05
0,cg03775991,0.000105867178676
0,cg27003765,7.45812250725e-05
0,cg05835726,0.00203875204317
0,cg27079776,0.000476215964572
0,cg00106345,0.000103629627885
0,cg12623302,0.000255598059808
0,cg03104428,4.09573564538e-06
0,cg04692454,0.000219805112711
0,cg20559537,0.000287560731369
0,cg14736365,6.31360309093e-06
0,cg17485838,0.00108302889673
0,cg03772108,4.95645201708e-05
0,cg00599530,0.00342295775837
0,cg23431175,0.00031430454641
0,cg13512268,0.00247420898093
0,cg12287785,2.11156120897e-06
0,cg27035514,0.000799777204789
0,cg20048521,0.00203756882201
0,cg26264232,8.99526968554e-05
0,cg18782491,3.75429017887e-06
0,cg24729879,0.000759495418348
0,cg13019844,0.000198443347378
0,cg23454797,0.00323679370989
0,cg14697657,0.00167501184948
0,cg17881200,7.03971718075e-05
0,cg25815893,0.00179982099898
0,cg16235748,0.00234278180884
0,cg19183248,0.000356100100169
0,cg02721602,0.000446566713606
0,cg17754473,0.000634802865344
0,cg25506432,0.000663855859832
0,cg10586546,2.0722231612e-05
0,cg03601797,5.09159307248e-06
0,cg24896460,3.42404925766e-05
0,cg27128941,3.40165189907e-05
0,cg18187244,0.00158663466743
0,cg11951818,2.82341459838e-09
0,cg23910413,0.000334596069673
0,cg04074536,2.57071547297e-05
0,cg13627258,1.73790811088e-05
0,cg14658493,0.000537736029112
0,cg12682607,6.28005769999e-05
0,cg26640601,0.000919191843507
0,cg24707219,0.000339229773624
0,cg21478123,9.28215977675e-05
0,cg27664783,4.32641130773e-08
0,cg13799581,0.000783829068383
0,cg24889058,0.000225568476277
0,cg20817131,0.00209871420785
0,cg05921905,0.000895187832319
0,cg18992848,0.00195969849092
0,cg10674438,0.000400748886904
0,cg01239922,3.81655856922e-05
0,cg06769202,0.0035244480641
0,cg03782771,0.000397310287798
0,cg22695986,0.00177827475912
0,cg25949304,0.0017338406615
0,cg24075113,0.00272168544923
0,cg02979457,0.00246294878945
0,cg12405742,0.0029862761113
0,cg11807280,0.000137139059771
0,cg02904344,0.00360480435936
0,cg03553576,0.000289321316738
0,cg00434535,0.000634193347984
0,cg03394401,0.00206374418021
0,cg25390165,0.00224920365869
0,cg04117404,0.00130639479359
0,cg03554196,0.000211746986336
0,cg23166857,3.90688583901e-05
0,cg09871315,0.000717668152784
0,cg26591982,0.000204816626016
0,cg17512539,5.14535537604e-05
0,cg25353384,0.00310017588306
0,cg00033909,0.00236299725768
0,cg16300565,1.2777913687e-06
0,cg17718401,0.00208176556074
0,cg02596940,0.00124464837437
0,cg04678623,0.00146092496802
0,cg15148691,5.84716201235e-05
0,cg16486502,0.00158005177598
0,cg20087093,0.000659842261761
0,cg08994763,0.00300387317378
0,cg17582698,0.000188933181914
0,cg25155298,2.57071547297e-05
0,cg19598584,0.00149626373423
0,cg21143896,0.000768659039687
0,cg07362537,1.42501801215e-05
0,cg11182018,0.00192178576041
0,cg23206851,0.0019223466886
0,cg19954341,0.000466034249526
0,cg14882265,0.000331242911846
0,cg22283115,0.000722921076872
0,cg12444411,1.11632751798e-05
0,cg15677293,0.00431847981015
0,cg02709068,0.00233072782233
0,cg20852788,0.00349449092218
0,cg09474476,0.000385105588219
0,cg14247008,8.00523899432e-05
0,cg02225599,0.000438270991758
0,cg26500033,0.000746646457281
0,cg00947599,4.99323953738e-06
0,cg21707172,0.000485967927838
0,cg17432857,0.000248014433433
0,cg04816699,1.43889209657e-05
0,cg14175438,0.00315067745966
0,cg03324961,0.000261159417521
0,cg12086028,9.06117917215e-06
0,cg17278072,0.000626519418225
0,cg25257955,0.000794261646678
0,cg14418857,0.00268729379004
0,cg09658497,0.000156532386132
0,cg06166490,0.00181094859055
0,cg06737942,0.000753283668054
0,cg00969405,0.000463444550873
0,cg03229627,0.000265653242921
0,cg23288838,0.00406142001884
0,cg07243548,0.000345076899702
0,cg03229561,4.8223974734e-06
0,cg19717773,1.5772576377e-05
0,cg18773597,0.00166908207187
0,cg24527008,0.00413806903797
0,cg02650127,3.25941469328e-06
0,cg04027736,0.00275880738936
0,cg07049592,9.40478870449e-05
0,cg17190781,0.00189558928056
0,cg22718636,0.00114542628055
0,cg09803560,7.52731310169e-05
0,cg18446336,0.000171417717312
0,cg19350216,0.000357172499207
0,cg17177602,0.000606537764836
0,cg02106682,0.000406227450372
0,cg20456258,0.000456953535917
0,cg00421612,4.6650816166e-06
0,cg25277638,0.000355386830366
0,cg06401979,0.00227652271487
0,cg11225330,1.17188758591e-05
0,cg14446166,1.32440598114e-05
0,cg24368876,0.0024489387392
0,cg00772020,0.000679486969283
0,cg13985518,0.00153924050858
0,cg05743278,0.00126901928182
0,cg03368099,0.000198236428435
0,cg10817554,4.733401965e-07
0,cg12377026,3.97024923085e-05
0,cg12853184,1.351553207e-06
0,cg15591276,5.56669468132e-05
0,cg07485417,3.47730058562e-05
0,cg07508649,8.80973839536e-05
0,cg22789065,0.000487717311815
0,cg10052687,2.22112057495e-06
0,cg27387030,0.00168443990822
0,cg11532431,0.000174145895096
0,cg05886620,0.0002981748769
0,cg14374799,0.000363063945069
0,cg18479961,0.00309068063256
0,cg14807682,0.000184178518144
0,cg14614416,0.000124442624792
0,cg14265709,0.000685135715824
0,cg05809437,0.000584127366835
0,cg10385390,3.9611685779e-06
0,cg22997113,0.0011884740604
0,cg09359391,0.000500127231059
0,cg05085137,4.61963762167e-06
0,cg00849990,0.000111319340066
0,cg04517044,4.78679131807e-05
0,cg27151303,0.000101879039322
0,cg21192063,0.000351252478781
0,cg01148781,2.2181265901e-05
0,cg17360330,0.000239322581932
0,cg15834202,0.000225102267668
0,cg26359510,0.00168892267446
0,cg24785473,0.000541584724698
0,cg15833940,0.000196930615953
0,cg01736133,3.00505538412e-05
0,cg05579037,0.000498011745815
0,cg01156747,0.0013688698382
0,cg26476502,0.00267289105929
0,cg18804667,0.000219047134495
0,cg27298300,5.37129411065e-05
0,cg09316140,0.000127417898772
0,cg17078326,5.99570684806e-05
0,cg16651126,0.000997874854407
0,cg21733531,0.000391943474997
0,cg11491002,0.000593227168859
0,cg10755878,0.000246151586378
0,cg08810053,2.58975122883e-07
0,cg15416643,0.00243708692008
0,cg25316484,0.000572194899689
0,cg07297242,5.48567982672e-05
0,cg26105076,5.78611770027e-05
0,cg08352439,5.26260870329e-06
0,cg09558502,0.000494773324493
0,cg26896255,3.12039528005e-05
0,cg25818605,5.35917287514e-05
0,cg23129930,0.000115986503252
0,cg08657492,0.00178770502255
0,cg08298351,0.00303510496599
0,cg19274341,0.00299632016752
0,cg20997710,3.44461705344e-06
0,cg14359292,0.00195228959891
0,cg21513138,0.000335720783725
0,cg05928186,1.87256641002e-05
0,cg14116463,0.00161273873518
0,cg22068371,0.000384594042349
0,cg14184077,4.66493063827e-05
0,cg15833657,4.77772956943e-05
0,cg01930746,0.000590369506735
0,cg12594648,0.00199422538699
0,cg00027162,0.00404382886921
0,cg06237983,0.000472026065128
0,cg17591595,0.000440875129782
0,cg10227331,4.93185435356e-07
0,cg11276388,0.000113794294545
0,cg14123607,0.000186444016713
0,cg05965892,0.000511495506936
0,cg06960514,0.0011662348604
0,cg22904815,5.20196476162e-05
0,cg00258316,0.00475604868938
0,cg04468334,9.61920159295e-06
0,cg13802433,5.53748343106e-05
0,cg10349844,0.000522083644651
0,cg16875057,0.001938678451
0,cg11724970,0.000853427242993
0,cg14583550,2.02270176559e-05
0,cg13981054,7.40046559586e-05
0,cg05076221,0.000527710405899
0,cg15484354,0.00355561325568
0,cg12414557,0.00264130051383
0,cg10446401,4.69689960078e-05
0,cg23936031,0.000609663427538
0,cg05927817,0.000128746199228
0,cg19366877,0.00236299725768
0,cg00987699,3.48132586175e-05
0,cg11303839,0.00181467166887
0,cg06832677,0.000844922790712
0,cg02248486,0.00219418935814
0,cg14588399,0.000204745562711
0,cg21751145,3.25941469328e-06
0,cg03110795,0.000504547538835
0,cg17368726,8.19452605685e-06
0,cg01378182,0.00117623075081
0,cg21249093,0.000193061240108
0,cg06688763,0.00126441675352
0,cg01055518,4.46378621831e-05
0,cg13336326,0.00145221011995
0,cg15261712,0.000596481299675
0,cg01370449,0.00272399229255
0,cg17205832,0.000832834161209
0,cg03595881,0.00397090448184
0,cg04863892,0.00168692899457
0,cg01331992,0.000203046936883
0,cg17155499,2.86348289295e-05
0,cg24332685,0.000799274337327
0,cg20976787,0.00121368015394
0,cg01566404,0.000312297508524
0,cg20810345,0.00119937375472
0,cg08069383,0.00469550835399
0,cg12040201,0.00015109534935
0,cg14633398,0.00013553639224
0,cg11830605,0.000447007336747
0,cg14573099,8.03770106967e-05
0,cg02175308,0.00443030897494
0,cg08217910,7.34866168405e-05
0,cg14404763,0.00319303052928
0,cg15733309,0.00152463998856
0,cg11888982,0.00479040767078
0,cg00026909,3.4224039476e-06
0,cg27183454,6.31530423863e-05
0,cg12627948,2.16444498735e-05
0,cg24520975,9.18111880031e-05
0,cg16988986,0.00091662253225
0,cg13799242,0.000740297358145
0,cg14089436,2.72611258974e-05
0,cg20292791,3.81655856922e-05
0,cg14832998,6.2286980368e-05
0,cg12806882,4.17356163102e-06
0,cg13998223,0.00119354924917
0,cg11003814,0.00131510054119
0,cg03724238,4.31504448273e-05
0,cg15727524,0.000410280095079
0,cg11936560,0.000270956315921
0,cg18881641,0.000158870114784
0,cg24441810,0.00431847981015
0,cg25634507,0.000720176015486
0,cg24024660,3.07766877536e-08
0,cg14236955,0.00047187154148
0,cg22525715,0.00317267283567
0,cg12525330,0.000457253565764
0,cg15754660,8.91344852064e-05
0,cg25887844,0.0040482202503
0,cg01950192,0.000574414930631
0,cg12290671,3.3793932151e-05
0,cg05585149,2.09202056257e-05
0,cg24389054,0.00116587930733
0,cg07026918,0.000563029871442
0,cg21222681,0.000123465434484
0,cg22283653,6.02043227214e-05
0,cg22819767,0.000363427562399
0,cg03133378,2.69223242666e-05
0,cg19071976,0.000269759190999
0,cg11722581,0.000553642359233
0,cg14316231,4.22055861231e-07
0,cg13068698,6.41599653806e-08
0,cg01263942,0.000667040388463
0,cg22767166,0.0011616204066
0,cg08584759,0.00216839342136
0,cg12126859,0.0031585799336
0,cg26440467,0.00123862292792
0,cg14380444,0.000174451520316
0,cg04020984,0.00112461429731
0,cg17198320,6.156495927e-06
0,cg11437223,0.000265834485955
0,cg15627108,9.19677187656e-06
0,cg17333886,0.000348560002843
0,cg14549951,6.54777247638e-05
0,cg17819250,0.000122275992463
0,cg13775636,0.00100343735281
0,cg15898414,0.000759735271438
0,cg26789064,2.54365098485e-05
0,cg08662074,0.000338320978306
0,cg07233677,6.31059395058e-05
0,cg05495790,4.73266328825e-05
0,cg04757499,0.00100747239458
0,cg24524451,0.000771087385946
0,cg06779553,0.00413470974547
0,cg08827060,0.00340410579228
0,cg05643494,0.00302494383391
0,cg27282281,0.00060459174932
0,cg17149262,0.000705025204737
0,cg27181253,0.00047434955203
0,cg21378403,0.000730519800139
0,cg23533270,0.000341626169812
0,cg16564946,0.00377665546522
0,cg15682617,0.00073399804034
0,cg00066351,8.07919560375e-05
0,cg14071650,0.00110110918211
0,cg12376422,0.000423362261827
0,cg03125341,0.000215890192796
0,cg11559731,0.000774987439758
0,cg20684110,6.61993330025e-06
0,cg06644515,0.000169442521475
0,cg12383650,0.000921194769807
0,cg02892925,4.87461371998e-05
0,cg01005506,3.97633424464e-05
0,cg16303562,0.00172466936067
0,cg20897830,0.00258205946679
0,cg04495993,0.00196999911615
0,cg00179795,0.00122553520336
0,cg16290996,1.08779502511e-06
0,cg15640870,1.41469600733e-05
0,cg00271210,2.37934966192e-05
0,cg06693505,0.002934040872
0,cg07211044,2.07304449166e-05
0,cg18030615,0.000136700216089
0,cg13702953,0.000687538582963
0,cg17989763,7.76392390518e-06
0,cg12474798,8.84672214119e-06
0,cg20486651,0.000753521713485
0,cg02393606,0.000542462974086
0,cg06872257,0.00201579135362
0,cg25257677,0.00482498779899
0,cg06539391,0.000126192767632
0,cg11716380,0.00105155674066
0,cg00278517,0.000529598426132
0,cg24927841,4.74524121771e-05
0,cg16815625,0.000304799600374
0,cg20519373,0.00014934028961
0,cg04456219,0.000565034454839
0,cg14348540,0.00207995701924
0,cg15036157,0.000842017436856
0,cg14897765,0.00203579515884
0,cg23434461,2.01389204689e-05
0,cg12465710,7.41963777373e-05
0,cg04451175,0.000815767392184
0,cg14602087,0.000790023632208
0,cg07194839,0.000642775958969
0,cg00225196,0.000136408385211
0,cg07370771,0.000530803145298
0,cg04582254,0.00231673582819
0,cg24002541,0.00156742645668
0,cg05570141,1.20790206933e-06
0,cg19846154,9.99383098631e-05
0,cg18727936,0.000329246042795
0,cg15635392,0.000481698592071
0,cg20091636,0.000498011745815
0,cg03074188,9.7463716845e-05
0,cg02645368,1.43067164122e-06
0,cg08234689,0.000214698761168
0,cg24777028,0.000114451961034
0,cg17356750,3.79319515418e-05
0,cg09827249,1.64712716471e-05
0,cg21885361,0.000101915994888
0,cg05210501,0.00187793951384
0,cg23845574,1.07027042867e-05
0,cg15282281,0.00029386629102
0,cg24246360,0.0013688698382
0,cg18537454,6.13403712729e-05
0,cg00239915,0.00145917818936
0,cg20245362,5.54164759511e-05
0,cg17715243,1.82685912195e-05
0,cg04347264,3.08907492388e-05
0,cg05482413,0.00232272305702
0,cg20539142,0.00143492261883
0,cg16570507,3.53790286757e-06
0,cg00404641,9.00184579492e-05
0,cg14132620,0.000530803145298
0,cg01745789,2.5221120294e-06
0,cg02648057,4.10617446855e-05
0,cg12554483,1.97352062134e-05
0,cg23641108,0.000819617695556
0,cg08496033,0.00114367856741
0,cg03450844,0.000762137642793
0,cg05575639,0.00113151281129
0,cg07065756,7.25412607045e-05
0,cg20372230,2.44500146479e-06
0,cg26073542,0.000183792740719
0,cg02207686,0.000603039091201
0,cg21088488,0.00185935041035
0,cg23713249,0.00246294878945
0,cg02962944,4.02446605719e-06
0,cg12666165,2.86906710193e-05
0,cg07921535,0.000119585240009
0,cg07631309,0.000175925517624
0,cg17636309,0.000673237144095
0,cg07514372,0.00252617668092
0,cg26227310,8.67534029093e-05
0,cg07428004,1.32601710282e-05
0,cg22534759,0.000295863023908
0,cg01119831,0.000640722810712
0,cg14130664,0.000339457326772
0,cg10278102,4.89670219349e-06
0,cg26589669,0.0011088937175
0,cg00021855,0.000363185113277
0,cg12103951,0.000117244879199
0,cg14392772,0.00176732999661
0,cg16121765,0.000176110584135
0,cg22993706,8.51996387565e-06
0,cg02721176,1.48846947369e-05
0,cg11582403,0.00240115570753
0,cg10299976,3.5834022252e-05
0,cg27305510,0.00146617676067
0,cg08951403,0.000652715871084
0,cg12200270,0.000150774817667
0,cg23659134,0.00196598748892
0,cg18710908,0.000942322705394
0,cg24361198,1.71443446224e-05
0,cg16709734,0.00423770102324
0,cg20345234,0.000548647698618
0,cg03024791,8.89804039161e-06
0,cg11561909,0.00047668362938
0,cg23801028,0.000202835536689
0,cg08165339,0.00167402222286
0,cg01723706,0.00154612829642
0,cg21286967,3.16220158375e-06
0,cg17350441,0.000744053755348
0,cg13217373,2.62435375071e-06
0,cg06382559,0.000109842853544
0,cg17159699,0.00217779889283
0,cg09600715,0.00190224671318
0,cg11317199,2.67126033055e-05
0,cg01047476,0.000650633431824
0,cg27389255,0.00445537551104
0,cg20120208,0.000305624351111
0,cg01612133,0.000705025204737
0,cg17827650,0.000387029516432
0,cg21233003,0.00148070815191
0,cg05293216,0.00169892329211
0,cg03171419,0.00165238470667
0,cg22999518,6.13496985257e-07
0,cg10969241,0.000476995642213
0,cg02415341,0.00148469400213
0,cg06551493,7.22726494132e-06
0,cg07626700,0.000629941831598
0,cg15001633,0.00112427038531
0,cg25516151,0.000192121796439
0,cg18237330,0.000150135663768
0,cg00306721,5.01488781076e-05
0,cg07977614,0.00279087690039
0,cg02413092,0.000200105978296
0,cg27416261,0.0020547866797
0,cg25258033,0.000110518941342
0,cg24401957,6.42455985714e-05
0,cg01787798,0.00209204093854
0,cg26435670,0.00250113875975
0,cg21209395,0.000433248167527
0,cg27027668,1.37856822632e-05
0,cg07945733,0.00251184169173
0,cg19414122,0.000864708823388
0,cg20164016,0.00158239994536
0,cg18840931,0.000109131229309
0,cg15697019,0.000187357489145
0,cg22305187,7.54958141664e-05
0,cg17230773,0.000284648574337
0,cg25627341,1.75817064323e-05
0,cg24353535,0.00222987226955
0,cg13192836,0.000580561131735
0,cg02745912,0.000204036195227
0,cg08240778,0.000579439139483
0,cg11069748,0.000218291596832
0,cg17713912,0.000369907510084
0,cg07075268,0.000169383000786
0,cg13595143,0.0043161528771
0,cg00738934,1.37656291832e-07
0,cg05227350,0.000270771821266
0,cg07116010,0.000105867178676
0,cg18294158,0.00041780752367
0,cg27390627,0.000264568200556
0,cg03431111,0.000148812234468
0,cg16767506,0.000124755067148
0,cg22861548,0.000484066137398
0,cg21785034,0.000431680623025
0,cg24785804,0.000245645806314
0,cg22841667,0.000749721289993
0,cg01559770,2.16358933921e-05
0,cg21352158,8.18080877265e-05
0,cg13378656,0.000349260532608
0,cg10155725,8.97926782626e-08
0,cg12170191,0.000981660321889
0,cg13716321,0.000151309391537
0,cg27241889,0.00128020538831
0,cg19856897,7.13690572449e-05
0,cg12575928,0.00236164466465
0,cg12403132,7.57260102287e-07
0,cg07244202,0.00189558928056
0,cg00414384,0.00245873818154
0,cg00281725,0.000955271409189
0,cg18801955,5.44866470625e-05
0,cg12895810,0.00190502690871
0,cg00088688,0.000303053877428
0,cg13977355,0.00172416114102
0,cg02250708,0.000106944869876
0,cg12178669,0.000406631037035
0,cg25212025,0.00132106664983
0,cg21540359,0.000131817784286
0,cg15225091,0.00493006718902
0,cg05587400,0.000664915807375
0,cg21062347,0.000110041298741
0,cg17287034,0.000126464060441
0,cg04721828,0.00190781079602
0,cg25885280,0.000264117319618
0,cg03689146,8.06731950038e-05
0,cg14253327,9.61605926144e-05
0,cg11298960,0.00167155048534
0,cg03547517,5.11051149624e-05
0,cg25827255,0.000374120786072
0,cg05402062,0.000821678021953
0,cg17723156,0.000367204801722
0,cg00369990,7.36770748249e-05
0,cg25058023,0.00339565288816
0,cg20662334,6.71053131281e-05
0,cg17124408,0.000171899785868
0,cg13628022,8.88329320561e-07
0,cg14191885,9.75346265946e-05
0,cg14124646,0.00186098387128
0,cg02363960,0.00323320108441
0,cg13389958,0.000322127947357
0,cg21956614,0.00231009974479
0,cg16729850,6.2426658122e-05
0,cg21857846,7.55515817764e-05
0,cg23502204,0.000281955361144
0,cg16698828,0.00125677979091
0,cg15133448,0.0012747939889
0,cg09259235,0.000167135655886
0,cg10836540,0.000113140176333
0,cg04450857,0.00121368015394
0,cg17995652,0.000388188152435
0,cg04015433,0.00093098043142
0,cg16589644,0.000997874854407
0,cg15798385,8.48046308763e-05
0,cg21893358,0.000741469350925
0,cg25169733,3.41946249478e-07
0,cg13752933,0.00212437195397
0,cg25513090,0.000109803204844
0,cg08756121,0.000762137642793
0,cg12894449,2.39720052775e-05
0,cg24768113,8.83211165768e-06
0,cg18138206,0.000565765028641
0,cg20124551,0.00392900035356
0,cg22996588,4.30026673882e-05
0,cg26711333,0.000751381797153
0,cg00115194,3.87853662236e-05
0,cg16072754,0.00121183731243
0,cg14630692,7.05146861487e-06
0,cg08324612,0.0038853748263
0,cg00670913,0.000261605591155
0,cg02291020,0.00317443842154
0,cg19465345,0.0033167454423
0,cg03899229,0.00416954038748
0,cg16366546,7.04493858613e-05
0,cg06813382,6.34836916045e-05
0,cg01060471,0.00485462028224
0,cg03955764,0.00111843860534
0,cg13434764,7.43885670883e-05
0,cg20446948,0.000567045634417
0,cg11647108,0.000270956315921
0,cg20978277,0.00262563205191
0,cg26147736,0.000230439015363
0,cg05960576,0.000545282231777
0,cg14445171,0.000328031250531
0,cg00729370,0.000420437540534
0,cg19981409,0.00194660777352
0,cg21024264,0.00172416114102
0,cg17201135,3.71819458577e-05
0,cg10775231,0.00130600033252
0,cg26510023,8.25932299994e-05
0,cg18184218,4.44963911142e-06
0,cg05079547,0.000160616501056
0,cg18369913,0.0015169349427
0,cg17030488,0.000524293587394
0,cg06361845,0.00273787045644
0,cg17001448,0.00217842723729
0,cg07531663,0.000996334746297
0,cg24326782,0.000902749459872
0,cg14715327,0.00257473938499
0,cg19139092,0.00014150010178
0,cg04785213,0.00115843558648
0,cg23795893,0.00404547467809
0,cg24126630,0.000396783709497
0,cg13912631,0.000527710405899
0,cg13340231,8.9330215316e-05
0,cg02569458,5.94431729214e-05
0,cg12880300,0.00117838290776
0,cg17355400,0.00241975202361
0,cg09636302,0.00118666628642
0,cg08541497,0.00242390219367
0,cg18438300,0.000234680154207
0,cg16922753,0.00199538573768
0,cg24636969,0.000471408251653
0,cg11871739,0.000237929110899
0,cg00056066,0.000543342540562
0,cg18882486,1.09619150933e-06
0,cg06968712,0.000288048779572
0,cg07853571,0.000146094423864
0,cg24337025,0.0039215211703
0,cg23618588,0.00231939509136
0,cg12077319,0.00133669449899
0,cg27246571,0.000156642972321
0,cg16629288,0.00152918902534
0,cg21241902,0.000428985427298
0,cg23097878,9.00184579492e-05
0,cg14341968,0.000230359685636
0,cg10052504,0.00158146029617
0,cg11041239,1.6150703263e-05
0,cg15438951,0.00171351996795
0,cg25459280,0.0044089237247
0,cg04941278,0.00442198150251
0,cg22407942,3.90384336025e-06
0,cg04317927,0.00142891651772
0,cg25213362,1.41193497785e-07
0,cg03337218,3.84005800841e-05
0,cg10191240,0.000274297312012
0,cg02506008,0.00277519145179
0,cg13531387,0.000758536703338
0,cg15169829,3.3494978217e-05
0,cg04197548,0.000621916417616
0,cg15449049,0.000321586372995
0,cg03491478,0.000570166841041
0,cg09738410,0.00348583662603
0,cg09439867,1.84442516377e-05
0,cg13683424,6.00468681256e-05
0,cg24217894,0.000224869500734
0,cg21735068,0.00160701015121
0,cg14291745,0.00032104564561
0,cg19790640,0.000894630034228
0,cg12439325,9.81910095186e-06
0,cg18064171,0.00236435055189
0,cg12843022,5.16328790396e-06
0,cg12630277,0.000291486772193
0,cg24085801,0.000601877015749
0,cg05906530,0.000105982155882
0,cg24146090,0.000143678013059
0,cg15990629,0.000297973180669
0,cg23231163,0.000377498324244
0,cg08980987,0.000950249252382
0,cg15838173,1.04342500109e-05
0,cg21172322,0.000469098116641
0,cg19442545,8.87601222169e-06
0,cg18786123,0.0013230608439
0,cg23656890,3.54223651815e-05
0,cg12277789,0.000165439380713
0,cg13893012,0.000104156516499
0,cg13783786,3.28409833691e-05
0,cg05421392,0.00107937940875
0,cg05504354,0.000117034264042
0,cg18795232,6.04620493617e-06
0,cg13793718,4.12820032749e-05
0,cg02483029,0.00235219611994
0,cg26377281,6.10100876431e-07
0,cg11860238,0.000607512940748
0,cg18008086,6.32001784038e-05
0,cg13411784,2.82854050598e-06
0,cg06941630,0.00284400770295
0,cg15432711,0.000408925064208
0,cg24852442,1.88979678291e-05
0,cg20320656,0.000626117912045
0,cg03262627,0.00390872938203
0,cg00497905,3.33271130755e-05
0,cg10635188,0.00193980941208
0,cg10833551,0.000213218104327
0,cg10191002,0.00312272369542
0,cg07251046,0.00104607175704
0,cg24975642,0.00121036488355
0,cg05260877,0.00110651918847
0,cg15233961,1.4540672235e-05
0,cg26152754,0.000577573604765
0,cg14495033,0.00486367100517
0,cg05733139,0.00254275332109
0,cg17722571,0.00266684763441
0,cg14375747,0.00272399229255
0,cg26567736,0.000750907021135
0,cg23677291,0.000449216503503
0,cg11741201,0.00447455877025
0,cg21325485,0.00153969882246
0,cg04500084,0.000295462669789
0,cg24536703,0.00046374852775
0,cg14951136,0.00277675640903
0,cg23477940,0.000661529460825
0,cg16662938,0.00196598748892
0,cg03483632,0.00130284856192
0,cg09984392,1.9868916444e-05
0,cg08886711,0.000110359511298
0,cg03269218,1.78434867801e-05
0,cg00816387,0.00353999986653
0,cg12226009,0.00299883593285
0,cg14278148,2.45055514489e-05
0,cg14660676,0.000236787233186
0,cg27303223,5.50847616769e-06
0,cg23743554,0.000127099205574
0,cg02611240,0.00212560081765
0,cg01906695,0.00114367856741
0,cg21348900,0.00435234657639
0,cg03701930,0.000890456720969
0,cg16534307,0.000141701385724
0,cg07776626,0.00220687340553
0,cg20588859,1.49447854106e-05
0,cg09654669,0.00422855573661
0,cg06538684,0.000164510414418
0,cg01808879,0.0017317987672
0,cg00317020,0.000168907539002
0,cg19413350,0.00128330704023
0,cg16871561,0.000295362660087
0,cg19332572,0.000105675810272
0,cg24792245,0.00320458897516
0,cg21348975,0.000427150346121
0,cg13188098,0.00150881538468
0,cg20023578,0.00014739520756
0,cg11737298,0.000251091107751
0,cg24011500,0.000188999103821
0,cg10193870,0.000164452516411
0,cg25055946,1.61377455755e-05
0,cg03607573,0.00363361425678
0,cg09341154,0.000309257112261
0,cg18402101,4.03767122144e-05
0,cg07250758,0.000137334524922
0,cg14321777,0.000541233793326
0,cg14299234,1.57905896607e-06
0,cg18818949,0.00491698503147
0,cg09889848,0.000198236428435
0,cg10671668,0.0038296242265
0,cg19116018,0.00242528701416
0,cg12949547,7.90859143939e-05
0,cg15270419,0.000720404403103
0,cg09971881,0.000571641132519
0,cg00070052,0.000149976272248
0,cg21230317,5.89996859981e-05
0,cg26248646,0.000922914754605
0,cg19272109,0.000177162738338
0,cg27143688,0.000407034995711
0,cg08805500,0.00390553728164
0,cg12705353,0.00022658168795
0,cg15627464,7.88532766241e-05
0,cg14905634,2.62977964428e-05
0,cg09709600,6.57219147271e-05
0,cg24495062,0.000216114272289
0,cg10792302,7.68449907869e-05
0,cg23963802,0.000320613672711
0,cg15829467,0.00230745013466
0,cg25091527,0.000694131416578
0,cg20402783,0.000377247168487
0,cg18191494,0.000476215964572
0,cg13861294,0.00229029464613
0,cg19753609,3.48266859982e-05
0,cg03905819,0.00069878103488
0,cg14759565,7.77570155253e-05
0,cg07276621,3.52453733194e-05
0,cg09720117,0.00171099518311
0,cg20435097,0.000218065410361
0,cg08053137,0.00261523310941
0,cg11675881,0.000955863850972
0,cg16135276,3.44924670115e-05
0,cg04949149,4.90422436357e-05
0,cg19338056,0.000236380660105
0,cg24605304,0.000306347711099
0,cg05035315,4.56157816025e-05
0,cg17082340,0.00299883593285
0,cg14326009,0.00379113010736
0,cg05304366,0.00178193669308
0,cg02594677,0.00405151658713
0,cg19743254,1.44352939169e-06
0,cg15975750,0.004369956839
0,cg25027699,0.000380397796897
0,cg00217795,2.12289350639e-05
0,cg13489987,5.76014027772e-05
0,cg04661457,0.000281763899737
0,cg11787508,0.000360407726915
0,cg22679316,0.000541935866517
0,cg03419136,0.00107739353429
0,cg15115171,0.000509833243002
0,cg08254359,0.00302071908098
0,cg01221018,0.00446855609256
0,cg09295202,0.000868228435871
0,cg15895213,0.00132705748905
0,cg00108944,0.00102628932352
0,cg17239974,0.000744524537827
0,cg12419482,0.00298293484057
0,cg23588049,0.000103367123344
0,cg07933234,0.00237996393581
0,cg08959039,0.000238092654963
0,cg18228116,0.00189947020511
0,cg12351126,0.000890734384133
0,cg13545297,0.000229093870503
0,cg18426142,0.000143627009227
0,cg02415057,0.000135054212079
0,cg11747462,0.000691487318287
0,cg07311024,0.000100556991914
0,cg00831222,0.00261078782136
0,cg06582782,0.000203753091562
0,cg02071292,0.000117160590493
0,cg02221546,0.000243715946916
0,cg21272279,0.000109565594666
0,cg26916936,7.56911705151e-05
0,cg20663376,0.000221481291256
0,cg17079987,0.00128253098367
0,cg00567703,0.00162473309282
0,cg17050806,3.51775225583e-05
0,cg10869879,0.00149537084318
0,cg23008562,0.000870944788815
0,cg11057824,0.00122367589383
0,cg09741912,2.12555214599e-06
0,cg27536286,0.000245477428434
0,cg17430032,0.000116237159981
0,cg15555017,5.01109821878e-05
0,cg22799691,0.0027924498366
0,cg24696183,2.24278164104e-05
0,cg05987823,0.00312185374926
0,cg11620409,0.00348871925013
0,cg18648169,0.0030427459808
0,cg27429313,0.0001730497862
0,cg06768599,8.1567921798e-05
0,cg10503232,0.000869314040858
0,cg21476000,2.0713104698e-07
0,cg10583144,0.00229095233062
0,cg05349837,0.000182257173157
0,cg03268893,0.000129669821776
0,cg03565777,0.000118601261183
0,cg23725321,0.00104478499205
0,cg26891150,0.000300097339236
0,cg22525581,0.000215591757551
0,cg17107540,0.00426409232511
0,cg15834355,0.000209703338833
0,cg10462820,0.00239909745363
0,cg26458072,0.000145164526598
0,cg03207151,0.000293170403333
0,cg03568041,0.000263038125241
0,cg12043145,8.82263982314e-05
0,cg04611437,0.00120302727129
0,cg23942311,0.00239088039428
0,cg22151644,0.000188538101597
0,cg21877473,3.77369315817e-06
0,cg16944941,0.000906693373042
0,cg14058476,0.000831790532179
0,cg00637144,0.00146354871448
0,cg06939793,0.000608098741222
0,cg26773791,0.000134717643171
0,cg13582500,0.00134558456616
0,cg05408649,0.000952019002775
0,cg16033633,0.000141248873583
0,cg25112641,5.43220970555e-06
0,cg09235723,7.1046643957e-06
0,cg13935577,0.000813465207282
0,cg18354954,0.000412729653753
0,cg12806797,0.000127281224322
0,cg21493516,0.000255248711733
0,cg05902130,0.00160035024291
0,cg14003931,0.000482328886672
0,cg27138204,3.83269977699e-05
0,cg26127836,8.03770106967e-05
0,cg23295683,0.000464661567148
0,cg19544441,0.000166842038369
0,cg12999267,0.00204645819341
0,cg03328299,0.000253855765685
0,cg21502154,0.000207462221919
0,cg19485748,0.00244196078248
0,cg26201952,0.00106391279544
0,cg11758841,0.000638062768141
0,cg14132731,8.51785691717e-05
0,cg22110973,8.86469227286e-05
0,cg07112131,0.00015449967922
0,cg05072215,7.68166529166e-05
0,cg25142028,6.5258685027e-05
0,cg15244786,0.00166612435786
0,cg05022301,0.000462382085048
0,cg10900663,0.000162609817303
0,cg11125758,0.00115596403523
0,cg26844633,0.00154566823769
0,cg10254698,3.06875740465e-05
0,cg14696334,0.00132186399752
0,cg09163005,0.000201081847072
0,cg01643605,0.00315506552317
0,cg20734030,6.41776634449e-06
0,cg13568311,0.00271170949395
0,cg23819016,5.42303409135e-06
0,cg05992786,0.00106817033637
0,cg02532022,0.000271418065073
0,cg03461784,3.07830277893e-05
0,cg13805518,0.000624113942514
0,cg23900293,0.00161992563035
0,cg05655457,1.06924917102e-06
0,cg19708986,0.000174145895096
0,cg06906435,0.0030478496123
0,cg18330082,0.000957346431946
0,cg04348689,0.00133066390117
0,cg21843517,5.30094987867e-05
0,cg10553890,4.18854904281e-05
0,cg22816294,0.002453134166
0,cg21052656,0.00262265712042
0,cg16273009,0.00163826322237
0,cg17177536,0.000552389767515
0,cg14387505,6.81675320066e-06
0,cg11210343,5.3864794003e-06
0,cg05274056,7.60095924606e-06
0,cg25037165,0.000193937423058
0,cg12651914,0.00012934584946
0,cg14053997,0.000497524734838
0,cg09063262,0.00224016352706
0,cg10792625,0.00133588897868
0,cg09540102,0.00203816035466
0,cg13998988,4.72456655178e-07
0,cg13783444,0.00100003467667
0,cg27092191,4.78361657539e-06
0,cg13127231,4.9921907734e-05
0,cg18221580,2.09616754684e-05
0,cg15856748,0.000296866119569
0,cg15405572,0.000158982246298
0,cg22000472,2.88813066336e-05
0,cg03880033,8.06301159036e-06
0,cg24517989,0.0018884009614
0,cg06437740,7.69002189002e-06
0,cg03527802,3.81363071868e-05
0,cg17424856,0.00062531561234
0,cg06946797,0.000851826685574
0,cg12635602,0.000988055796084
0,cg26616201,1.70417445346e-05
0,cg01598741,0.00182802527089
0,cg10368641,0.00200994193309
0,cg09322513,0.00126901928182
0,cg08196561,0.0011616204066
0,cg15755476,8.40613820318e-05
0,cg00926420,0.000485650483015
0,cg23458356,0.000273644683385
0,cg07033475,3.69188715058e-06
0,cg03110082,0.00148735667172
0,cg20761187,0.00017878329253
0,cg08377570,0.000104005720719
0,cg14329059,0.000269116628187
0,cg16716320,6.65091018535e-05
0,cg17696194,0.000444661994883
0,cg12431496,0.000229963419087
0,cg13985765,1.6637146605e-05
0,cg24523147,0.00233473956418
0,cg10635895,0.000614182638391
0,cg13103179,0.000208327084264
0,cg07745373,0.000940277612159
0,cg05726274,0.000238174466312
0,cg14984162,0.000171117067002
0,cg09971562,0.00182000242789
0,cg23390118,0.000330354028251
0,cg00804245,0.000571456653576
0,cg10214968,0.00414255189325
0,cg16517838,0.00143406319572
0,cg23779240,0.00184254747245
0,cg09160589,0.00184903538935
0,cg02879453,0.000619527268058
0,cg10449466,3.94760833293e-06
0,cg06897661,0.000795512098818
0,cg09576209,0.000937945355334
0,cg06845655,0.0012533569433
0,cg17985854,0.0010704693238
0,cg23580000,0.000142003814722
0,cg02705918,0.000109922191271
0,cg25285743,7.58589974817e-05
0,cg19904425,0.000202343068864
0,cg08732950,7.39499640399e-05
0,cg00004421,0.000560306943429
0,cg02431972,0.000100411096791
0,cg04701034,2.76363139558e-05
0,cg19086497,0.00108136863851
0,cg00687674,4.27248360211e-05
0,cg01194320,2.6092689131e-05
0,cg04015777,6.06790254512e-05
0,cg08800396,0.00496686236876
0,cg03248761,0.00183877241938
0,cg15310872,0.00172060741853
0,cg16714654,0.000440295195835
0,cg06040882,0.000628530517488
0,cg22385669,0.000918620314252
0,cg25308322,0.00167451696959
0,cg26579145,0.000132430835986
0,cg01046026,0.00163923357684
0,cg24392970,0.00236299725768
0,cg08066417,2.99223348511e-05
0,cg19706320,0.000140298013039
0,cg24222165,0.000147082033792
0,cg03395898,0.000116404546783
0,cg20467658,0.00247279891538
0,cg10115368,0.000150828195355
0,cg03416628,2.41422893933e-05
0,cg04325221,0.000149446111011
0,cg17846127,0.00182909740963
0,cg05189804,0.000361250922507
0,cg09985739,7.69162432506e-07
0,cg08120141,3.57788743526e-05
0,cg06075652,0.000298376700203
0,cg05016746,0.000623513907552
0,cg08712054,0.000261427036521
0,cg23813257,0.00127633796444
0,cg04672622,0.000226425533277
0,cg19937979,0.000758297198832
0,cg02736908,0.000198512365191
0,cg15804671,9.17441963289e-05
0,cg03146625,5.06790680317e-06
0,cg02030270,7.46087859594e-05
0,cg19004775,2.22251033976e-05
0,cg15648389,8.9385607174e-06
0,cg21893663,7.17666532325e-05
0,cg16370398,3.60556635742e-06
0,cg14598478,0.00164555365362
0,cg24954809,0.00106391279544
0,cg06989610,0.000248695085407
0,cg23197405,0.000145267574033
0,cg04040975,0.00233005980581
0,cg00776960,1.47117277043e-05
0,cg04024827,5.85093746014e-06
0,cg03507262,8.95590778823e-05
0,cg12790698,0.00366263060248
0,cg24035519,0.000550426702721
0,cg24392955,1.33229024758e-06
0,cg02768760,0.000184371690624
0,cg03199745,0.00108004211227
0,cg05765605,0.000169145113589
0,cg25828185,0.000212187323524
0,cg27164770,0.00140385644202
0,cg25701444,7.79866083581e-05
0,cg26520396,0.000665977316227
0,cg04103251,0.000740765950271
0,cg02004370,0.000300706825325
0,cg12447154,0.000233713567585
0,cg12759523,0.000514165565786
0,cg11964308,0.00429410284847
0,cg06683719,0.00154199225905
0,cg27111444,1.45259570824e-06
0,cg00247269,0.000540532561468
0,cg03886558,6.4269546461e-05
0,cg27406983,0.00157817552782
0,cg06937207,0.000645247752571
0,cg10801328,0.00126748340592
0,cg03322338,0.00425259984197
0,cg10372920,3.81115053661e-06
0,cg02566224,0.00208659531524
0,cg18033416,0.00206374418021
0,cg02645135,8.36760486773e-07
0,cg19734013,8.67503850322e-07
0,cg06602723,4.07957810063e-05
0,cg02059980,0.000310721434622
0,cg23581793,0.00264804138524
0,cg08891584,0.00117766512181
0,cg01810623,3.71819458577e-05
0,cg06392733,8.34466933176e-05
0,cg25985103,0.000124264415978
0,cg05521982,0.000943785986826
0,cg18091264,1.27227132831e-05
0,cg02250357,0.000101768248138
0,cg14774585,0.00142763248585
0,cg23446514,0.000153465486778
0,cg22512830,0.000734928145133
0,cg21826699,0.0030427459808
0,cg12413918,0.000176419433005
0,cg21253427,2.53369580633e-05
0,cg05628616,0.00166858878771
0,cg18125090,6.13325407626e-06
0,cg01240599,0.00442079300579
0,cg22778981,1.29677392617e-05
0,cg10587183,0.00111536242675
0,cg20629183,4.99974565585e-05
0,cg17167303,0.00120046874181
0,cg02433278,0.000580748325532
0,cg09224821,0.00132986170301
0,cg27022933,0.000125023460336
0,cg16423811,0.00130481760258
0,cg10634115,1.32978363809e-05
0,cg15384640,4.04385386741e-05
0,cg06238004,0.00231142558278
0,cg04252928,0.00122256154755
0,cg02417360,2.40938746292e-07
0,cg17389956,0.000962701225698
0,cg16654603,0.0032349969485
0,cg02305289,0.000659210586474
0,cg16430365,6.84532192541e-06
0,cg27112993,2.94489769345e-05
0,cg23553444,0.000917192919353
0,cg23901918,0.000775476221689
0,cg09829551,7.54108490221e-06
0,cg12029639,0.000944078893445
0,cg22813430,8.38765296159e-05
0,cg04565008,2.77335785973e-05
0,cg10824354,1.03259614598e-06
0,cg01691827,0.00167352760924
0,cg13446906,0.00223565581817
0,cg16518996,0.000753998012258
0,cg04721825,0.000572749162683
0,cg06035645,1.99717450793e-05
0,cg06148175,1.35808383017e-05
0,cg01604380,0.00182000242789
0,cg00624737,0.000680569919056
0,cg20386586,0.00044276480931
0,cg07748217,6.24966076694e-05
0,cg27381584,0.00143234575907
0,cg20250935,2.87578176791e-05
0,cg00617568,2.09027969529e-06
0,cg25943719,0.000599173546635
0,cg13497903,0.00147408676011
0,cg08875884,0.000565399632653
0,cg25835179,7.63900785935e-06
0,cg04742977,2.06157392295e-05
0,cg24769969,0.00222154218843
0,cg15336705,2.03316040092e-05
0,cg25906638,4.89865946442e-05
0,cg18373158,0.000364034343145
0,cg08366845,0.000152707601982
0,cg01565703,0.00124389372979
0,cg17733447,0.000293071116132
0,cg10331082,0.000231392962456
0,cg08605326,0.000144342608886
0,cg02206767,0.000922341098767
0,cg01484296,0.000334708383232
0,cg05372679,1.05287656839e-05
0,cg23130075,1.2171299674e-05
0,cg01758314,1.77298334659e-05
0,cg15070897,0.00147364629613
0,cg03708694,0.00187684137865
0,cg25363622,9.64760531892e-05
0,cg24706115,7.53843951837e-05
0,cg16505891,0.00036966104798
0,cg09705592,4.49787142274e-05
0,cg04937184,0.000761416197697
0,cg18007837,4.77954062228e-05
0,cg09456905,5.83840436508e-05
0,cg06106883,0.00278145606001
0,cg24422797,0.000438415291145
0,cg09977361,0.000956456630158
0,cg01453052,2.45357577064e-06
0,cg15268244,0.00113914593928
0,cg01673082,0.00265329502369
0,cg10485466,0.00274870867303
0,cg26334670,0.000185146276318
0,cg07616791,4.96771176321e-05
0,cg18133957,0.000646486936692
0,cg07660627,1.57133647288e-06
0,cg05100917,1.58752502022e-06
0,cg12317815,8.10001837899e-05
0,cg27390009,0.00181893513821
0,cg27485790,0.000849165224083
0,cg19403023,3.59471954631e-06
0,cg09803959,0.00175489676736
0,cg14571194,0.000100666543924
0,cg27561907,1.24489320704e-06
0,cg25541968,0.000707716992793
0,cg04508648,3.33915821557e-05
0,cg14794041,0.000450694898671
0,cg21390363,0.000735160840975
0,cg26438105,0.00347528529816
0,cg16766613,6.75306722488e-05
0,cg25771195,0.000989890086637
0,cg13105522,0.000203258542877
0,cg12926137,0.000102546169375
0,cg17104388,1.21828349973e-06
0,cg05505103,0.00117408219352
0,cg08489349,0.00117802396473
0,cg14504497,0.00429641915242
0,cg13470069,1.1853377776e-05
0,cg26314966,0.000995411728932
0,cg22373112,0.000245140995507
0,cg09584188,0.000918334672087
0,cg18002602,1.58117141052e-06
0,cg04064998,0.000128562216543
0,cg17345620,0.000375868583212
0,cg16596536,0.000279760852192
0,cg00973118,1.10317266117e-05
0,cg26994526,0.000285616227952
0,cg23250019,2.53568388305e-05
0,cg20851317,0.00027123327751
0,cg05310240,0.000104572264403
0,cg07363131,0.000488036007478
0,cg25321854,5.89545759764e-06
0,cg15732107,9.92150274384e-05
0,cg21355201,5.56878675197e-05
0,cg10830496,0.000932717193895
0,cg22220710,0.000170098541834
0,cg06623295,0.0033268632616
0,cg13747681,0.000398893916713
0,cg25683268,0.000553821515158
0,cg02583484,1.43947296096e-05
0,cg09163477,0.0002737378274
0,cg18117780,0.00328109572877
0,cg01554963,9.74282801393e-05
0,cg25414209,0.0016208860847
0,cg05836043,0.000270311096546
0,cg18877667,3.39592906577e-06
0,cg14106710,0.000318140301941
0,cg00594854,0.00016695942741
0,cg19738980,0.000308319155592
0,cg11879514,0.000773035147796
0,cg21040575,0.00497742011443
0,cg04731926,6.70641813149e-06
0,cg14482569,0.000863898470593
0,cg14733031,3.76851974313e-05
0,cg10467557,4.29846009005e-06
0,cg23254302,8.12996859128e-07
0,cg15165676,0.000756861634058
0,cg12165772,0.00336854391641
0,cg11734588,0.00122330434183
0,cg19417168,0.00013568136064
0,cg00475235,0.00164799035685
0,cg23413506,0.00365961930058
0,cg14080982,0.00438173236044
0,cg16263848,2.09450781807e-05
0,cg02481789,0.000739127072539
0,cg01388847,0.00282805303002
0,cg18450625,0.00015152371765
0,cg04198042,0.00126594923038
0,cg20699780,0.000121358311499
0,cg16565409,0.000321911215897
0,cg27216788,4.78451511732e-07
0,cg13874654,0.00154520830378
0,cg09978353,1.42327267195e-08
0,cg01407406,5.59815372877e-05
0,cg25277100,1.08438212033e-05
0,cg09479241,0.00156370332239
0,cg00512563,0.000280903820844
0,cg09109383,1.29677392617e-05
0,cg09791746,0.000242215495069
0,cg09328979,0.00252617668092
0,cg17147471,0.000130320050246
0,cg25164886,0.00253049157673
0,cg19887750,0.000126192767632
0,cg19000611,0.000346118418886
0,cg00242976,0.00141824839338
0,cg01754780,0.000546342942503
0,cg19839825,2.31922927819e-05
0,cg25443560,0.000204390591512
0,cg07698121,0.00249473681122
0,cg08641963,0.00154796978024
0,cg09011746,0.000828407042019
0,cg13642872,0.000503070100457
0,cg14000467,0.00083518673275
0,cg04053959,0.0015328371634
0,cg19473656,0.000407034995711
0,cg13466180,0.00204764609847
0,cg23543481,0.000538259357354
0,cg16616467,0.000277582259873
0,cg20430047,0.00144700401377
0,cg11577716,0.000881888525832
0,cg10330885,0.00112564661177
0,cg01267709,0.00342957807548
0,cg14935206,0.00198496461436
0,cg25596289,0.00201872185514
0,cg10338787,0.000148759525247
0,cg20442941,0.00022401794245
0,cg17661717,0.000278243631116
0,cg00658652,0.000168374137203
0,cg15331036,6.05204004864e-05
0,cg20476019,0.000693028577903
0,cg20016023,2.43137198574e-05
0,cg24796998,0.000360046917404
0,cg11643186,0.000387672806147
0,cg01015245,7.40320161974e-05
0,cg08345082,1.88003947084e-05
0,cg18083248,0.00123637027477
0,cg05067427,0.00121552555998
0,cg02876326,0.00106293249842
0,cg24946729,3.3546789791e-05
0,cg27520536,0.000217839442694
0,cg02346997,0.00481087282582
0,cg26087651,0.00102376190527
0,cg03969996,0.000244134274846
0,cg03687532,4.00995972145e-05
0,cg21692159,0.000859319647707
0,cg19912956,0.00214473082368
0,cg07506749,0.000175679045211
0,cg16617301,0.000596865220912
0,cg07053727,0.00137671302638
0,cg05332854,7.93776199664e-05
0,cg25527599,0.00015753029858
0,cg18248284,0.000127235696732
0,cg10974219,0.00217528715765
0,cg24718465,0.000412320454011
0,cg26871347,0.00176940997618
0,cg05164926,0.00187903823298
0,cg23303369,0.000772791430018
0,cg09484559,0.00125563789277
0,cg18709349,0.00169792080977
0,cg17338254,8.53974154957e-05
0,cg14883993,0.000225024653716
0,cg01900006,0.000400218080218
0,cg19787694,0.00313056303712
0,cg14317046,0.000549714461919
0,cg04679902,0.000116362678889
0,cg12458970,0.00387268874755
0,cg01251603,1.37801075199e-05
0,cg24174307,0.000116866027595
0,cg27535410,8.21997768962e-05
0,cg08620751,2.99805518573e-05
0,cg06867482,0.000457253565764
0,cg15214448,0.00176993031895
0,cg15066197,0.000189593369213
0,cg14859324,0.000198443347378
0,cg17361896,0.000178971169001
0,cg16518861,0.00116837026487
0,cg21786191,0.000322670369909
0,cg07963563,6.12487488663e-05
0,cg06456717,0.00490784593497
0,cg24597512,0.000701227994828
0,cg03232342,0.00165580991017
0,cg14818176,0.000348326783255
0,cg07968906,0.00128486044178
0,cg18282375,0.000451880860257
0,cg08223924,0.000481069060371
0,cg18795569,0.0017317987672
0,cg19628469,0.000800532052076
0,cg26590799,0.000998799967751
0,cg19283928,0.00450588893258
0,cg26411441,0.000689729749788
0,cg20271361,0.000797015033574
0,cg12181372,0.00208659531524
0,cg27295850,0.000556155425654
0,cg17054691,9.32279003748e-07
0,cg05325182,0.00166267972497
0,cg08385173,6.8541558804e-05
0,cg16641055,1.9423954636e-05
0,cg00830767,2.91212318683e-06
0,cg20852302,0.00116374807276
0,cg17142870,0.00095142874992
0,cg14492337,2.94135693629e-06
0,cg22105158,0.000137432355383
0,cg17393635,1.03405424743e-05
0,cg09812376,0.00136147712606
0,cg12131208,0.000521235964167
0,cg26537568,3.48669975444e-05
0,cg21278129,0.00240527700981
0,cg04413853,0.000279855933887
0,cg06370528,0.0016146523943
0,cg17972930,0.00042616524343
0,cg11969813,5.24332414373e-05
0,cg09117688,0.00148159305167
0,cg20035980,0.00169091849952
0,cg16353800,0.00046955930292
0,cg25910083,2.86348289295e-05
0,cg08562672,0.000757818398787
0,cg06716358,4.23104802324e-06
0,cg05780139,5.08932777922e-05
0,cg04988273,0.000143016284873
0,cg21994712,0.00157958252342
0,cg18507732,0.000139849701953
0,cg17714703,0.00167451696959
0,cg25615944,4.15827121936e-05
0,cg15193133,0.000237031490057
0,cg15554505,8.51291319625e-06
0,cg01385679,8.80329433636e-05
0,cg08340482,0.00121700373341
0,cg17656426,0.00144830394075
0,cg27096572,0.00021814078153
0,cg08255475,0.000504876403457
0,cg09681675,0.00110279719925
0,cg00549574,0.000106135641246
0,cg03239386,0.00044291047983
0,cg12684052,5.2354223177e-05
0,cg05886689,0.000521405398311
0,cg20463312,0.000299387725389
0,cg04337937,4.95270412547e-05
0,cg07642595,3.32884881853e-05
0,cg11454334,0.000373498404105
0,cg04378167,0.00154796978024
0,cg25408055,0.000774498941551
0,cg10648815,6.41738053515e-05
0,cg04921776,0.0010557689236
0,cg20956548,7.83036597724e-07
0,cg13536060,4.25234874606e-07
0,cg09465703,0.00342295775837
0,cg20748533,0.000617542787624
0,cg18228693,0.000370400892215
0,cg04194664,8.80651581158e-05
0,cg11284196,0.000502742325154
0,cg16893868,0.00387057801345
0,cg09284949,7.35953931334e-05
0,cg21299458,0.000381918760981
0,cg22091609,0.00179929266822
0,cg12872311,0.00169892329211
0,cg04097078,0.00413918934468
0,cg06580800,7.12052208178e-07
0,cg17702370,0.00191786342499
0,cg11374355,8.39389902168e-06
0,cg11598935,0.000568328919331
0,cg15475727,2.50503419964e-05
0,cg07279557,0.000652507350697
0,cg05483571,0.000555975571712
0,cg03388679,0.000756144790878
0,cg11029358,0.00256598004539
0,cg18069125,0.000399952921619
0,cg17804112,0.00042252470749
0,cg26982279,0.00181360722254
0,cg23749482,0.00173281944062
0,cg00740368,0.000119757146679
0,cg26717476,0.0028632604469
0,cg22340508,1.54649478892e-05
0,cg01933276,7.8663264417e-07
0,cg06875740,1.60408772641e-05
0,cg24860092,0.000229172793412
0,cg02467073,0.000164394637473
0,cg18941031,8.28333550798e-06
0,cg26844104,0.000332915565542
0,cg00519069,0.000621318333908
0,cg07251887,0.000261337801803
0,cg21150839,0.00410569793544
0,cg15111437,0.000206672378317
0,cg05385610,0.000391033942908
0,cg03529184,5.59284156863e-06
0,cg21390082,0.00019796085008
0,cg07997877,0.000608685063405
0,cg03455316,6.22672683753e-06
0,cg00256231,0.000166548903563
0,cg01773685,0.00201813544563
0,cg14307477,0.00092148122926
0,cg06711380,0.00140554266292
0,cg20667480,2.62977964428e-05
0,cg18449879,7.06848008153e-05
0,cg13159946,0.000746174438679
0,cg23484655,6.28474650182e-05
0,cg17295878,0.00121441800844
0,cg19333980,1.63851368647e-06
0,cg12564097,0.00342295775837
0,cg07248223,0.00157162464119
0,cg16902122,0.00107376146217
0,ch.20.1062061F,0.000180860115279
0,cg09265161,8.22904169356e-05
0,cg13572782,0.00327745890242
0,cg18655918,0.000472489917371
0,cg27413508,9.4698766844e-06
0,cg10955164,2.82357942766e-05
0,cg11666770,3.10521195559e-06
0,cg20777128,0.000621517636105
0,cg11891591,0.00283522261461
0,cg00039463,0.00180988613059
0,cg26029902,0.000564487096935
0,cg26070540,1.05417171611e-05
0,cg00579402,0.000602457794644
0,cg16023306,0.00028843977332
0,cg17116120,3.6670950384e-05
0,cg22450798,0.000206672378317
0,cg05242915,2.314698452e-06
0,cg13793157,0.00179401711375
0,cg08177015,0.00235894158088
0,cg08918020,1.46348124723e-05
0,cg06876311,4.92840796749e-05
0,cg25266327,8.74229646294e-05
0,cg09487101,0.000240310787623
0,cg17988310,0.000495581096866
0,cg14796563,6.9665625026e-06
0,cg02769599,5.87570999977e-05
0,cg15998406,6.12646257059e-07
0,cg27403406,0.000415467294599
0,cg15176213,5.04339610261e-05
0,cg12432980,0.00164020445486
0,cg22589504,2.24987354152e-05
0,cg00543460,0.00247279891538
0,cg24917775,0.00065375939579
0,cg24335895,0.000202835536689
0,cg12871687,0.00133427926882
0,cg08225551,0.000175802241018
0,cg10929024,0.000143984392566
0,cg26348487,0.00374478066303
0,cg07381634,2.24762164753e-06
0,cg13007784,0.000382299883253
0,cg08274011,6.18241877685e-06
0,cg16851989,0.00434766123031
0,cg24473594,0.000387544068851
0,cg16962191,0.000747355001025
0,cg15153394,0.00101621387466
0,cg15576730,0.00239430106874
0,cg03472313,0.000401413313993
0,cg14770527,0.00367268433788
0,cg11693508,0.00209264680298
0,cg07967723,0.00145047285468
0,cg10118462,1.23508533526e-05
0,cg03623568,0.00331123830068
0,cg26279261,0.00114123587272
0,cg27276128,0.000449364140497
0,cg16716449,0.00114053883828
0,cg18504937,0.000480440290735
0,cg10598596,2.71124061166e-05
0,cg25583580,1.71512054467e-05
0,cg04988514,0.000476060170769
0,cg04739228,4.2623303648e-07
0,cg12952924,0.00407686843127
0,cg07738077,0.00216964535283
0,cg14595786,0.00373352837161
0,cg25402787,0.000516008707495
0,cg14242928,0.00039142350221
0,cg03344031,0.000409466577526
0,cg06489606,0.00155027444723
0,cg09726279,0.000268109767218
0,cg12932613,0.00199422538699
0,cg15497724,0.00227390801049
0,cg01718065,0.00133951731703
0,cg08835342,0.000641953972003
0,cg14884932,0.000511828561064
0,cg17119849,0.000133331644257
0,cg14724749,0.00112117951076
0,cg26587228,0.00213237109906
0,cg22410743,2.72504774767e-05
0,cg12495559,0.000276169963494
0,cg16774013,0.000290599086614
0,cg19871388,0.000220565538723
0,cg17900689,0.00175799759062
0,cg12097883,0.000225724079287
0,cg17783086,0.000724526813102
0,cg12186909,8.135832095e-05
0,cg24712290,0.00336017042873
0,cg09044981,0.00107014061949
0,cg19048331,9.21195648969e-06
0,cg02085507,5.46213293284e-06
0,cg14740251,0.00107178506697
0,cg22987448,0.00102660565298
0,cg03704673,0.00133468153001
0,cg23480341,0.00384008800306
0,cg03866831,0.000987139821292
0,cg16669395,0.00193528916073
0,cg26390598,0.00311229873145
0,cg15967501,0.00069016875525
0,cg10553748,0.000333362930992
0,cg23258940,0.00145090699307
0,cg27008631,0.000926651515083
0,cg25477163,0.000421688690183
0,cg13308743,7.13426247405e-05
0,cg11773468,0.000115071761775
0,cg24168308,3.3611660912e-05
0,cg11321156,5.70637351952e-05
0,cg18274664,0.000109446970687
0,cg14652587,0.00292993070515
0,cg27002247,0.00114332931805
0,cg18319984,0.00124313950385
0,cg07855456,6.08607910823e-05
0,cg18565915,3.22614883702e-05
0,cg23541975,0.00217717071268
0,cg04362853,0.000407304508323
0,cg00618183,0.000135633021699
0,cg14395060,0.000142003814722
0,cg27292818,0.0021219161594
0,cg15770575,0.000246404840415
0,cg10805440,0.000797516592405
0,cg26741350,0.000311876496482
0,cg05193435,0.00191450721384
0,cg14801158,0.000826072049005
0,cg12847399,0.000385105588219
0,cg14283480,6.79704745205e-07
0,cg26153497,0.000308527361362
0,cg09165842,2.68907669751e-05
0,cg03022552,8.91344852064e-05
0,cg26057840,4.7999089233e-06
0,cg13518079,3.57004389889e-06
0,cg16417831,5.33500779324e-05
0,cg26687173,0.000380650899721
0,cg05857996,8.70884740825e-06
0,cg18840832,0.00186807728664
0,cg16426670,3.04975066366e-05
0,cg27663389,0.00227456143143
0,cg20209891,0.00106948348851
0,cg24263062,0.00031366945227
0,cg10831725,0.00161848592107
0,cg05825244,2.2793530699e-05
0,cg14959908,0.000213735246274
0,cg06405146,8.16399631995e-06
0,cg26330365,0.00128098015793
0,cg26706163,2.59703533816e-05
0,cg06057569,0.00237724187925
0,cg27219748,6.05129266393e-06
0,cg23553008,0.000446273188545
0,cg20148881,0.0001167819945
0,cg08052629,4.67556405624e-05
0,cg11940960,0.000806594481015
0,cg13660163,0.00143492261883
0,cg20245439,0.000382172803277
0,cg03733979,0.00118775064847
0,cg14786713,0.000408925064208
0,cg06503306,0.000326491179255
0,cg12858577,3.39509086815e-05
0,cg03024660,0.00234815722965
0,cg04321555,0.000432250029714
0,cg10976318,0.000475126398936
0,cg25440497,2.18248792246e-05
0,cg19766460,0.000273551568896
0,cg01265860,0.00114437735932
0,cg17037355,0.0032829155026
0,cg12548088,3.57238067429e-05
0,cg18656873,0.000892958556242
0,cg05291773,0.000422106506868
0,cg05064106,0.00132705748905
0,cg02807192,0.000368431023643
0,cg26335251,0.00186917076005
0,cg09960641,0.000550248562561
0,cg24200083,8.23100743354e-07
0,cg04090347,0.000216787814285
0,cg26772386,0.000522423073875
0,cg23573129,0.000154991834143
0,cg19092981,0.000170337683269
0,cg10047755,0.000664279651625
0,cg08276542,0.00033515798807
0,cg14435645,3.78156422516e-05
