"","chr","pos","strand","Name","Probe_rs","Probe_maf","CpG_rs","CpG_maf","SBE_rs","SBE_maf","Islands_Name","Relation_to_Island","UCSC_RefGene_Name","UCSC_RefGene_Accession","UCSC_RefGene_Group","Phantom","DMR","Enhancer","HMM_Island","Regulatory_Feature_Name","Regulatory_Feature_Group","DHS","logFC","AveExpr","t","P.Value","adj.P.Val","B","probe_id","MW_U_pval","beta_diff"
"1","chr21",27372396,"-","cg11321156",NA,NA,NA,NA,NA,NA,"","OpenSea","APP;APP;APP;APP;APP","NM_201413;NM_000484;NM_201414;NM_001136129;NM_001136130","Body;Body;Body;Body;Body","low-CpG:26294233-26294343","","","21:26294251-26294338","21:27372098-27372566","Gene_Associated_Cell_type_specific","",1.05465845332529,0.931053111486169,9.78098812172593,1.32119661186308e-12,4.70669686993163e-07,17.4313283153482,"cg11321156",7.27786406071233e-12,0.135911534553479
"2","chr21",27372461,"-","cg18274664",NA,NA,NA,NA,NA,NA,"","OpenSea","APP;APP;APP;APP;APP","NM_201413;NM_000484;NM_201414;NM_001136129;NM_001136130","Body;Body;Body;Body;Body","low-CpG:26294233-26294343","","","21:26294251-26294338","21:27372098-27372566","Gene_Associated_Cell_type_specific","",1.08566518371384,0.910450994273397,8.97039439815718,1.71140287407415e-11,2.76565854308812e-06,15.218684618711,"cg18274664",1.24763383897926e-11,0.14848078409584
"3","chr21",27372387,"-","cg24168308",NA,NA,NA,NA,NA,NA,"","OpenSea","APP;APP;APP;APP;APP","NM_201413;NM_000484;NM_201414;NM_001136129;NM_001136130","Body;Body;Body;Body;Body","low-CpG:26294233-26294343","","","21:26294251-26294338","21:27372098-27372566","Gene_Associated_Cell_type_specific","",0.893310045264732,0.98411592266753,8.87448484670355,2.32900830306793e-11,2.76565854308812e-06,14.950317721458,"cg24168308",4.67862689617221e-11,0.117235397750047
"4","chr7",27183694,"-","cg25307665",NA,NA,NA,NA,NA,NA,"chr7:27182613-27185562","Island","HOXA5","NM_019102","TSS1500","","","","7:27149871-27150476","7:27182652-27184498","Unclassified","TRUE",2.1990063784846,1.98660476259358,8.51365228074917,7.49091803403694e-11,6.67150523758873e-06,13.9288455133118,"cg25307665",6.96595560096752e-11,0.153600023080565
"5","chr7",27138751,"-","cg26264232",NA,NA,NA,NA,NA,NA,"chr7:27135342-27136736","S_Shelf","","","","","RDMR","","7:27105249-27105414","","","",-1.52804703552445,-1.93368084469354,-8.22950904225336,1.89753391610317e-10,1.12664494990362e-05,13.1118731809427,"cg26264232",1.20675303685537e-07,-0.116794813535587
"6","chr17",8218887,"-","cg14853974",NA,NA,NA,NA,NA,NA,"","OpenSea","ARHGEF15","NM_173728","Body","","","TRUE","17:8159496-8160178","","","",0.764187165042017,0.603982520968136,8.18098682918116,2.22567886503828e-10,1.13269566753652e-05,12.9713030441231,"cg14853974",2.36437009435227e-08,0.116853724439755
"7","chr7",27138850,"+","cg17881200",NA,NA,NA,NA,NA,NA,"chr7:27135342-27136736","S_Shelf","","","","","RDMR","","7:27105249-27105414","","","",-1.22644142305388,-0.361224768748866,-8.08021598849806,3.10194153515042e-10,1.38131395273708e-05,12.6784146064006,"cg17881200",2.36437009435227e-08,-0.154048742958858
"8","chr7",27183643,"-","cg17569124",NA,NA,NA,NA,NA,NA,"chr7:27182613-27185562","Island","HOXA5","NM_019102","TSS1500","","","","7:27149871-27150476","7:27182652-27184498","Unclassified","TRUE",1.76623329573458,1.61851049691845,8.0049911850267,3.97665778775847e-10,1.57407161511113e-05,12.4589535713407,"cg17569124",3.87806184949386e-10,0.152076464437431
"9","chr7",27134109,"+","cg23865240",NA,NA,NA,NA,NA,NA,"chr7:27134097-27134303","Island","HOXA1;HOXA1","NM_153620;NM_005522","3'UTR;Body","","RDMR","","","","","",-1.04667852042702,-0.336256640838005,-7.72069273768598,1.02130176673474e-09,3.30757861718563e-05,11.6234826426136,"cg23865240",7.11151288218176e-10,-0.159248193786944
"10","chr7",27183133,"+","cg23936031",NA,NA,NA,NA,NA,NA,"chr7:27182613-27185562","Island","HOXA5","NM_019102","1stExon","","","","7:27148127-27149665","7:27182652-27184498","Unclassified","TRUE",2.06665627166095,2.76724485031789,7.60586637024073,1.4976144166174e-09,4.3178615449494e-05,11.283468496241,"cg23936031",3.64205111495361e-09,0.107253421336602
"11","chr7",27183375,"-","cg04863892",NA,NA,NA,NA,NA,NA,"chr7:27182613-27185562","Island","HOXA5","NM_019102","TSS200","","","","7:27149871-27150476","7:27182652-27184498","Unclassified","TRUE",1.50393272899125,1.95955997224628,7.51918236972235,2.00069335360236e-09,5.09097859824338e-05,11.025867342971,"cg04863892",1.24763383897926e-11,0.118062341508943
"12","chr7",27182493,"-","cg11724970",NA,NA,NA,NA,NA,NA,"chr7:27182613-27185562","N_Shore","HOXA5","NM_019102","Body","","","","7:27148127-27149665","7:27182297-27182528","Unclassified_Cell_type_specific","TRUE",1.58414616914775,2.34608156000259,7.42572713718084,2.73551996339093e-09,6.49676872905468e-05,10.7472959635602,"cg11724970",9.51320802221683e-10,0.102277718181917
"13","chr7",27138173,"+","cg18751141","rs6668",0.218721,NA,NA,NA,NA,"chr7:27135342-27136736","S_Shore","","","","","","","7:27104415-27105024","","","",-1.18784944136562,-0.325693113500868,-7.32324844486176,3.85745513461715e-09,8.31480873034442e-05,10.4408625330453,"cg18751141",1.89983442830566e-08,-0.168818577508557
"14","chr13",88329407,"+","cg02611934",NA,NA,NA,NA,NA,NA,"chr13:88329394-88329885","Island","SLITRK5","NM_015567","Body","","RDMR","TRUE","13:87127396-87128430","","","",-1.26962427362975,0.457894068819516,-7.28691002098257,4.35808195078111e-09,8.31480873034442e-05,10.331970392745,"cg02611934",1.52410949769706e-07,-0.255373157438003
"15","chr7",27183806,"-","cg20517050",NA,NA,NA,NA,NA,NA,"chr7:27182613-27185562","Island","HOXA5","NM_019102","TSS1500","","CDMR","","7:27149871-27150476","7:27182652-27184498","Unclassified","TRUE",1.64579200904549,2.35038897248852,7.2609224775531,4.75570888865025e-09,8.47098756518604e-05,10.2540235586623,"cg20517050",9.51320802221683e-10,0.103659323629936
"16","chr7",27138712,"-","cg17485838",NA,NA,NA,NA,NA,NA,"chr7:27135342-27136736","S_Shore","","","","","RDMR","","","7:27138326-27138743","Gene_Associated_Cell_type_specific","",-1.17290791450834,-0.0717007064676065,-7.22086178437357,5.44130205520505e-09,9.23065071741201e-05,10.1337502434594,"cg17485838",2.36437009435227e-08,-0.159029545835988
"17","chr7",27187502,"-","cg03529432",NA,NA,NA,NA,NA,NA,"chr7:27186927-27187692","Island","HOXA6","NM_024014","TSS200","","DMR","","7:27153988-27155184","7:27186949-27188385","Unclassified_Cell_type_specific","TRUE",1.71903345244919,-2.52653090838549,7.15978421368194,6.68264119019285e-09,0.000108211705036375,9.95011586616718,"cg03529432",5.97720578357645e-09,0.111827354300224
"18","chr13",111062266,"+","cg08959039",NA,NA,NA,NA,NA,NA,"","OpenSea","COL4A2","NM_001846","Body","","","","13:109860248-109860298","","","",-0.880888786922094,-0.354277991941098,-7.11822074425189,7.68649584849618e-09,0.000119055465806414,9.8249765647823,"cg08959039",8.58681910287742e-07,-0.119953572756017
"19","chr7",27183436,"-","cg12128839",NA,NA,NA,NA,NA,NA,"chr7:27182613-27185562","Island","HOXA5","NM_019102","TSS200","","","","7:27149871-27150476","7:27182652-27184498","Unclassified","",1.53439636523358,1.6175680720234,7.08364959943205,8.63598739233915e-09,0.000128188638690994,9.72078494452607,"cg12128839",2.02740498834129e-10,0.130159329075404
"20","chr7",27183686,"-","cg02005600",NA,NA,NA,NA,NA,NA,"chr7:27182613-27185562","Island","HOXA5","NM_019102","TSS1500","","","","7:27149871-27150476","7:27182652-27184498","Unclassified","TRUE",1.44575843801492,2.04844756279149,6.93449131416391,1.42833201742386e-08,0.000169612046515721,9.27021776953545,"cg02005600",1.26011017736905e-09,0.107039689967952
"21","chr13",88329151,"-","cg00525681",NA,NA,NA,NA,NA,NA,"chr13:88329394-88329885","N_Shore","SLITRK5","NM_015567","Body","","RDMR","","13:87126449-87127153","","","",-0.998718118916465,0.567981156825233,-6.89281101457165,1.64423012621279e-08,0.00018895121332667,9.14403269964629,"cg00525681",9.6333135731159e-07,-0.200102377463285
"22","chr13",88328251,"-","cg16787483",NA,NA,NA,NA,NA,NA,"chr13:88329394-88329885","N_Shore","SLITRK5","NM_015567","Body","","RDMR","","13:87126252-87126296","","","",-1.05197184345171,1.26174335787564,-6.84171312649543,1.9541002995231e-08,0.000217073813714729,8.98918176938509,"cg16787483",4.29340955143871e-07,-0.197829874302198
"23","chr7",27183401,"-","cg19759481",NA,NA,NA,NA,NA,NA,"chr7:27182613-27185562","Island","HOXA5","NM_019102","TSS200","","","","7:27149871-27150476","7:27182652-27184498","Unclassified","TRUE",1.62572039828151,2.00151964799475,6.82987747947948,2.03385891486963e-08,0.000217073813714729,8.9532907030459,"cg19759481",7.11151288218176e-10,0.124706225290677
"24","chr13",88328471,"+","cg05757365",NA,NA,NA,NA,NA,NA,"chr13:88329394-88329885","N_Shore","SLITRK5","NM_015567","Body","","RDMR","","13:87126449-87127153","","","",-1.07337459764352,0.577848535042836,-6.81609309511845,2.13087488753164e-08,0.000217073813714729,8.91147937950207,"cg05757365",3.63170095256441e-07,-0.22405516839989
"25","chr7",27187556,"+","cg17994139",NA,NA,NA,NA,NA,NA,"chr7:27186927-27187692","Island","HOXA6","NM_024014","TSS200","","DMR","","7:27153988-27155184","7:27186949-27188385","Unclassified_Cell_type_specific","TRUE",2.51204728912335,-4.07342009028612,6.8054644915806,2.20883784198661e-08,0.000218579843616256,8.87923246414355,"cg17994139",1.19303114401633e-06,0.100014174726689
"26","chr13",88329680,"-","cg24366314",NA,NA,NA,NA,NA,NA,"chr13:88329394-88329885","Island","SLITRK5","NM_015567","Body","","RDMR","TRUE","13:87127396-87128430","","","",-0.816869127911374,-1.31745135631945,-6.78104234450252,2.3989901475318e-08,0.000220340646955917,8.80511094237204,"cg24366314",8.76242010006419e-07,-0.131936732931696
"27","chr7",27183591,"+","cg02916332",NA,NA,NA,NA,NA,NA,"chr7:27182613-27185562","Island","HOXA5","NM_019102","TSS1500","","","","7:27149871-27150476","7:27182652-27184498","Unclassified","TRUE",1.15496646188845,1.48068598773409,6.77942051361209,2.41218409557489e-08,0.000220340646955917,8.80018743270722,"cg02916332",1.66039270070823e-09,0.107382776184313
"28","chr13",88328294,"+","cg09823859",NA,NA,NA,NA,NA,NA,"chr13:88329394-88329885","N_Shore","SLITRK5","NM_015567","Body","","RDMR","","13:87126252-87126296","","","",-1.0053933920705,0.796501932691868,-6.74854194475142,2.67773890518062e-08,0.000238482774069017,8.70641849983269,"cg09823859",1.09835192293963e-07,-0.216976650899822
"29","chr11",42617544,"+","cg25598685",NA,NA,NA,NA,NA,NA,"","OpenSea","","","","","","TRUE","","","","",-0.979438058714419,1.34313067435369,-6.71770872721727,2.97215139375945e-08,0.000258247334943862,8.61273443504573,"cg25598685",1.45992913363024e-07,-0.143097501628486
"30","chr7",114055210,"+","cg02211646",NA,NA,NA,NA,NA,NA,"","OpenSea","FOXP2;FOXP2;FOXP2;FOXP2;FOXP2;FOXP2","NM_148898;NM_148898;NM_148899;NM_014491;NM_014491;NM_148899","1stExon;5'UTR;5'UTR;1stExon;5'UTR;1stExon","low-CpG:113842126-113842489","","","","","","",-0.75284422595472,1.68040364719292,-6.68373213675585,3.3342985685224e-08,0.000269960725805287,8.50944084814632,"cg02211646",9.94863223202059e-08,-0.112052611314761
"31","chr4",114900175,"-","cg12214451",NA,NA,NA,NA,NA,NA,"chr4:114900355-114900810","N_Shore","ARSJ;ARSJ","NM_024590;NM_024590","1stExon;5'UTR","","","","4:115119478-115119644","4:114899991-114900840","Unclassified_Cell_type_specific","",-0.573630492731038,-0.510140196364967,-6.65669510042975,3.65382623257028e-08,0.000289257183604888,8.42720236393296,"cg12214451",1.09835192293963e-07,-0.106813752125842
"32","chr7",27138396,"+","cg00106345",NA,NA,NA,NA,NA,NA,"chr7:27135342-27136736","S_Shore","","","","","","","7:27104415-27105024","7:27138326-27138743","Gene_Associated_Cell_type_specific","",-1.42052361042434,-0.764254609745094,-6.61616558092497,4.19119182083573e-08,0.00031767896387524,8.30385732950497,"cg00106345",1.20675303685537e-07,-0.162668642963266
"33","chr1",8270645,"-","cg25942940",NA,NA,NA,NA,NA,NA,"chr1:8271996-8272202","N_Shore","","","","","","","","","","",-0.739445556011364,1.80204364364072,-6.58061278525789,4.72738856738887e-08,0.00033682170803789,8.19559593930211,"cg25942940",6.96595560096752e-11,-0.108448268674261
"34","chr5",144538350,"-","cg23111488",NA,NA,NA,NA,NA,NA,"","OpenSea","","","","","","TRUE","","","","",-0.913299309683941,1.60919051572542,-6.5330106201264,5.55442177355729e-08,0.000379564629988466,8.05055833205914,"cg23111488",2.93245936903416e-08,-0.154610778575137
"35","chr13",88328009,"-","cg26168643",NA,NA,NA,NA,NA,NA,"chr13:88329394-88329885","N_Shore","SLITRK5","NM_015567","Body","","RDMR","","","","","",-1.25631577749346,0.561281476904659,-6.5319519831517,5.57437465142626e-08,0.000379564629988466,8.04733175473577,"cg26168643",9.6333135731159e-07,-0.254823369301024
"36","chr7",27138974,"+","cg08657654",NA,NA,NA,NA,NA,NA,"chr7:27135342-27136736","S_Shelf","","","","","RDMR","","","","","",-1.12464291710906,1.53104609440768,-6.52666593229691,5.67508345008434e-08,0.000379564629988466,8.03121995275211,"cg08657654",3.5626600149999e-06,-0.132000085570609
"37","chr12",6166028,"-","cg04053108","rs71582861",0.017383,NA,NA,NA,NA,"chr12:6165941-6166257","Island","VWF","NM_000552","Body","","","","12:6036077-6036509","12:6165281-6166294","Unclassified","",1.42442595915165,-1.33849213062132,6.51207239006292,5.9626733946366e-08,0.000386213196994967,7.98673344005165,"cg04053108",3.64205111495361e-09,0.201831555658917
"38","chr14",77600217,"-","cg23998119",NA,NA,NA,NA,NA,NA,"","OpenSea","ZDHHC22","NM_174976","Body","","DMR","","","14:77599957-77600469","Unclassified_Cell_type_specific","",0.976418299259439,-2.2471644352685,6.47672578404908,6.72116008103387e-08,0.00042006660931016,7.87895100815536,"cg23998119",3.5626600149999e-06,0.110905600779389
"39","chr11",126372533,"+","cg11857140","rs10790809",0.494326,NA,NA,NA,NA,"","OpenSea","KIRREL3;KIRREL3","NM_001161707;NM_032531","Body;Body","","","TRUE","","","","",-0.789515847871021,1.27470859849123,-6.29617492607808,1.23915175294097e-07,0.000700700978137232,7.32779221809753,"cg11857140",2.36437009435227e-08,-0.12076813949406
"40","chr7",27182637,"+","cg05076221",NA,NA,NA,NA,NA,NA,"chr7:27182613-27185562","Island","HOXA5","NM_019102","Body","","","","7:27148127-27149665","","","TRUE",1.16477535756707,1.03393520276331,6.26612406918101,1.37196605520027e-07,0.000746358543951771,7.23598094515641,"cg05076221",8.1778239365627e-08,0.130960292448189
"41","chr7",27137922,"+","cg07278425",NA,NA,NA,NA,NA,NA,"chr7:27135342-27136736","S_Shore","","","","","","","7:27104415-27105024","","","",-1.11384751172181,0.328823827775476,-6.26412261131616,1.38130111003257e-07,0.000746358543951771,7.22986551845646,"cg07278425",2.82069217095894e-09,-0.17738422231404
"42","chr3",77573709,"+","cg21090457",NA,NA,NA,NA,NA,NA,"","OpenSea","ROBO2;ROBO2","NM_001128929;NM_002942","Body;Body","","","TRUE","","","","",-0.904377331363151,0.56155645017465,-6.23850502316017,1.50654296485371e-07,0.000769163551135975,7.15158554203829,"cg21090457",3.64205111495361e-09,-0.18514874999825
"43","chr4",134589655,"+","cg15297220",NA,NA,NA,NA,NA,NA,"","OpenSea","","","","","","TRUE","","","","",0.701577821909982,-0.607417663136611,6.19848017740813,1.72531239762234e-07,0.000845535647575691,7.02926227254474,"cg15297220",1.40224478308503e-06,0.102994125807704
"44","chr14",98445245,"+","cg08217526","rs139473280",0.0133,NA,NA,NA,NA,"","OpenSea","C14orf64","NR_015430","TSS1500","","","","","14:98444107-98445301","Unclassified_Cell_type_specific","",0.620420236243333,-0.493766381375777,6.19456215347923,1.74836327023964e-07,0.000845535647575691,7.01728701662551,"cg08217526",6.27621209789918e-05,0.105717964421673
"45","chr13",88328813,"+","cg17376609",NA,NA,NA,NA,NA,NA,"chr13:88329394-88329885","N_Shore","SLITRK5","NM_015567","Body","","RDMR","","13:87126449-87127153","","","",-1.09018350592545,1.56389470598404,-6.1582319945009,1.97730559774881e-07,0.000926848990355298,6.90623840565583,"cg17376609",1.82109833611741e-07,-0.183485272613414
"46","chr7",27187560,"+","cg14044640","rs181098649",0.0128,NA,NA,NA,NA,"chr7:27186927-27187692","Island","HOXA6","NM_024014","TSS200","","DMR","","7:27153988-27155184","7:27186949-27188385","Unclassified_Cell_type_specific","TRUE",2.32006925412416,-3.85304875270759,6.14743788241211,2.05092794379489e-07,0.000948873799139232,6.87324247137027,"cg14044640",3.04821899539412e-07,0.112715789246229
"47","chr13",76334866,"+","cg12166476",NA,NA,NA,NA,NA,NA,"","OpenSea","LMO7;LMO7;LMO7","NM_015842;NM_015842;NM_005358","5'UTR;1stExon;Body","low-CpG:75232832-75233102","","","","","","",0.739624564784246,-0.40494841928074,6.13408915173528,2.14577071879054e-07,0.000967620366728526,6.83243643125149,"cg12166476",7.43312221487207e-06,0.136317908737541
"48","chr14",99177777,"-","cg06906435",NA,NA,NA,NA,NA,NA,"","OpenSea","C14orf177","NM_182560","TSS200","","","","","","","",-1.03181008141354,0.0273058798290547,-6.06450027595548,2.71586485936192e-07,0.00115180152002784,6.61969860842667,"cg06906435",3.87806184949386e-10,-0.157074358859227
"49","chr6",42019127,"+","cg14707053",NA,NA,NA,NA,NA,NA,"chr6:42018139-42018604","S_Shore","TAF8","NM_138572","Body","","RDMR","","","6:42019057-42019185","Promoter_Associated","",0.500100630620673,1.0629910155297,5.99091673119279,3.48379005742678e-07,0.00134900303153044,6.39475685479686,"cg14707053",3.52240659075042e-05,0.118149510321686
"50","chr2",105031896,"+","cg08916461",NA,NA,NA,NA,NA,NA,"","OpenSea","","","","","","TRUE","","","","",-0.705462401340764,-0.988263992476532,-5.96578110219457,3.79295389534896e-07,0.00143746900047722,6.31792699072704,"cg08916461",4.79510879855545e-05,-0.100555452142288
"51","chr13",88328274,"+","cg24626752",NA,NA,NA,NA,NA,NA,"chr13:88329394-88329885","N_Shore","SLITRK5","NM_015567","Body","","RDMR","","13:87126252-87126296","","","",-0.998916092083578,0.961388838262971,-5.94659511525382,4.04721999766664e-07,0.00150187696673828,6.25928751016099,"cg24626752",2.77712635684408e-06,-0.214651336152893
"52","chr3",182123703,"+","cg25008182",NA,NA,NA,NA,NA,NA,"","OpenSea","","","","","","TRUE","","","","",-1.02869401051283,2.38541716149481,-5.89243451385965,4.86042348501709e-07,0.00168106948001933,6.09378091826821,"cg25008182",8.58681910287742e-07,-0.100029562374404
"53","chr14",98444513,"+","cg11798182",NA,NA,NA,NA,NA,NA,"","OpenSea","C14orf64","NR_015430","TSS200","","","","","14:98444107-98445301","Unclassified_Cell_type_specific","",0.802971434676412,0.98122121565155,5.86338946363877,5.36163291872086e-07,0.00177191211524474,6.00504506981238,"cg11798182",4.94258365322833e-06,0.11869096933412
"54","chr7",27133106,"-","cg08941355",NA,NA,NA,NA,NA,NA,"chr7:27134097-27134303","N_Shore","HOXA1;HOXA1","NM_153620;NM_005522","3'UTR;3'UTR","","","","","","","",-1.03917132177234,0.833954258236855,-5.84161886741098,5.7707846754802e-07,0.00179114303233886,5.93854530345603,"cg08941355",1.21197230508177e-08,-0.142658370560984
"55","chr11",12824283,"-","cg25037165",NA,NA,NA,NA,NA,NA,"","OpenSea","TEAD1","NM_021961","Body","","","TRUE","","","","TRUE",-1.10344632850409,2.71796378905888,-5.80669195590419,6.49312813062386e-07,0.00192762035907841,5.83188281627458,"cg25037165",8.1778239365627e-08,-0.116865348588541
"56","chr15",30163726,"-","cg04635635","rs1719009",0.153728,NA,NA,NA,NA,"","OpenSea","","","","","","","15:27950903-27951135","","","",0.736913465172433,1.22967669554386,5.78760295688687,6.92527118245155e-07,0.0020222075675348,5.77360132015497,"cg04635635",9.61545369471091e-06,0.12105381807187
"57","chr18",31806577,"-","cg26125366","rs141968955",0.0137,NA,NA,NA,NA,"chr18:31804480-31804875","S_Shore","","","","","","","","","","",0.564547837364758,-0.822987257853254,5.7670542707964,7.42250697852667e-07,0.00212013363360354,5.71087530026607,"cg26125366",7.29964566815118e-08,0.148689814604184
"58","chr13",61990025,"+","cg20706134","rs77872608",0.018663,NA,NA,NA,NA,"","OpenSea","PCDH20","NM_022843","TSS1500","","","","","","","",-0.709897633159053,1.26702097069667,-5.69940313978265,9.32446143422856e-07,0.00232293200254318,5.50446680389088,"cg20706134",8.58681910287742e-07,-0.10301272830451
"59","chr15",30163660,"+","cg00232832","rs1719009",0.153728,NA,NA,NA,NA,"","OpenSea","","","","","","","15:27950903-27951135","","","",0.723470110893769,1.42069602680156,5.64427558755355,1.12272014731964e-06,0.00249977149301179,5.33640046036211,"cg00232832",5.58573129521675e-05,0.105726057896201
"60","chr7",27134369,"-","cg22154659",NA,NA,NA,NA,NA,NA,"chr7:27135342-27136736","N_Shore","HOXA1;HOXA1","NM_153620;NM_005522","3'UTR;Body","","RDMR","","7:27100670-27100923","","","",-0.659101201005555,-0.0283118513123949,-5.55352591417229,1.52350835046585e-06,0.00301523462395393,5.0600449014588,"cg22154659",9.94863223202059e-08,-0.101717197117625
"61","chr6",164506861,"+","cg08319974",NA,NA,NA,NA,NA,NA,"","OpenSea","","","","","","","6:164426571-164426852","","","",0.662984752330957,0.383548862635586,5.53576680515869,1.61718213390075e-06,0.0031401272733631,5.00601536602875,"cg08319974",2.25242718784472e-06,0.115925943961665
"62","chr9",89518557,"+","cg13705830",NA,NA,NA,NA,NA,NA,"","OpenSea","","","","","","TRUE","","","","",-0.601892762545604,1.11503123902252,-5.53490494824435,1.62187095481708e-06,0.0031401272733631,5.00339375299953,"cg13705830",7.6884634605774e-07,-0.103586853686895
"63","chr7",114055137,"-","cg18871253",NA,NA,NA,NA,NA,NA,"","OpenSea","FOXP2;FOXP2;FOXP2;FOXP2;FOXP2;FOXP2","NM_148898;NM_148898;NM_148899;NM_014491;NM_014491;NM_148899","1stExon;5'UTR;5'UTR;1stExon;5'UTR;1stExon","low-CpG:113842126-113842489","","","","","","",-0.630938722208641,1.36871834079446,-5.52604040367557,1.6708880346332e-06,0.00316849365740873,4.97643194284579,"cg18871253",8.1778239365627e-08,-0.112090800704768
"64","chr14",98444417,"+","cg16062483",NA,NA,NA,NA,NA,NA,"","OpenSea","C14orf64","NR_015430","Body","","","","","14:98444107-98445301","Unclassified_Cell_type_specific","",0.827118942027926,1.24231246418871,5.5044998071628,1.79621586579061e-06,0.00319946460554288,4.91093514467354,"cg16062483",9.72722297217587e-06,0.116941999192711
"65","chr2",242805838,"-","cg21855211",NA,NA,NA,NA,NA,NA,"chr2:242805752-242806034","Island","","","","","","","2:242454426-242454693","","","",-0.78174272880204,-1.77081197319425,-5.48594113025835,1.91165133885697e-06,0.00333631897616181,4.85452829391359,"cg21855211",8.50871982379448e-06,-0.110459222129054
"66","chr7",5258357,"-","cg20071624",NA,NA,NA,NA,NA,NA,"","OpenSea","WIPI2;WIPI2;WIPI2;WIPI2;WIPI2","NM_016003;NM_001033519;NM_015610;NM_001033520;NM_001033518","Body;Body;Body;Body;Body","","CDMR","","7:5224862-5225039","7:5258243-5258930","Gene_Associated_Cell_type_specific","",-1.09571891050443,-0.91213404543126,-5.47480169817114,1.98444544084801e-06,0.00338275738292338,4.82068193198843,"cg20071624",0.000140896263630017,-0.118643422961667
"67","chr7",27184521,"-","cg03368099",NA,NA,NA,NA,NA,NA,"chr7:27182613-27185562","Island","HOXA5","NM_019102","TSS1500","","","","7:27150952-27151569","","","",1.018632929806,0.874208091875822,5.37296564676883,2.79128570814394e-06,0.00410901478139562,4.51165980996067,"cg03368099",3.04821899539412e-07,0.100241337645373
"68","chr8",63516617,"+","cg24817216","rs16929260",0.023688,NA,NA,NA,NA,"","OpenSea","NKAIN3","NM_173688","Body","","","TRUE","","","","",-0.621047545083502,-0.38959952782967,-5.32314974778005,3.29711038818527e-06,0.00438559452209297,4.36078103455887,"cg24817216",8.50871982379448e-06,-0.108764766002941
"69","chr14",98444476,"+","cg16278496",NA,NA,NA,NA,NA,NA,"","OpenSea","C14orf64","NR_015430","TSS200","","","","","14:98444107-98445301","Unclassified_Cell_type_specific","",0.795286944502899,0.628549454270523,5.31627779693452,3.37367189185981e-06,0.00438687652071255,4.33998392030531,"cg16278496",1.80962374373084e-05,0.140889107304684
"70","chr15",30163825,"-","cg23256343",NA,NA,NA,NA,NA,NA,"","OpenSea","","","","","","","15:27950903-27951135","","","",0.799109588600328,1.38198619719743,5.19105043056745,5.12152052612751e-06,0.0052720467763191,3.96174990995491,"cg23256343",0.000114235471115688,0.130212311624863
"71","chr3",46283902,"+","cg14312439",NA,NA,NA,NA,NA,NA,"","OpenSea","CCR3;CCR3;CCR3;CCR3;CCR3;CCR3;CCR3;CCR3","NM_001164680;NM_001837;NM_001837;NM_178329;NM_178328;NM_001164680;NM_178328;NM_178329","1stExon;1stExon;5'UTR;1stExon;5'UTR;5'UTR;1stExon;5'UTR","","","","","","","",-0.907041793774217,-0.274612144964734,-5.13453575171764,6.17970189760709e-06,0.00571815039613776,3.79156361576851,"cg14312439",7.82576464445929e-05,-0.118239275917538
"72","chr2",73496203,"-","cg21918313",NA,NA,NA,NA,NA,NA,"chr2:73495920-73496910","Island","FBXO41","NM_001080410","Body","high-CpG:73349711-73349717","","TRUE","2:73349446-73350418","","","TRUE",0.692416740082213,0.812011350215925,5.0856014646243,7.26874276992856e-06,0.00601064991722969,3.64448753872864,"cg21918313",9.90314293041923e-05,0.115010758452436
"73","chr2",201726139,"-","cg00982136",NA,NA,NA,NA,NA,NA,"chr2:201728892-201729577","N_Shelf","CLK1;CLK1;CLK1;CLK1","NR_027855;NM_001162407;NM_004071;NR_027856","Body;Body;Body;Body","","RDMR","","","","","",0.684009743132578,-0.488841252026676,5.08121354190749,7.37520136131249e-06,0.00603456676312199,3.63131269315144,"cg00982136",0.000352712584718912,0.119797485632021
"74","chr1",2990490,"+","cg17001566",NA,NA,NA,NA,NA,NA,"chr1:2990030-2990718","Island","PRDM16;PRDM16","NM_022114;NM_199454","Body;Body","","","","1:2979921-2980557","1:2990417-2990514","Unclassified_Cell_type_specific","",1.11133458342943,-1.3955372420756,5.07053881059941,7.64066593540591e-06,0.00606224729656721,3.59927101467242,"cg17001566",0.000642395770287463,0.171057919218859
"75","chr2",74936232,"+","cg02059927",NA,NA,NA,NA,NA,NA,"","OpenSea","","","","","","TRUE","","","","",-1.13802340085558,0.144307392804521,-5.06117984972207,7.88116315557502e-06,0.00611481980244998,3.57118994625232,"cg02059927",0.000522670403050434,-0.112266653831393
"76","chr7",114055123,"+","cg18546840",NA,NA,NA,NA,NA,NA,"","OpenSea","FOXP2;FOXP2;FOXP2;FOXP2;FOXP2;FOXP2","NM_148898;NM_148898;NM_148899;NM_014491;NM_014491;NM_148899","1stExon;5'UTR;5'UTR;1stExon;5'UTR;1stExon","low-CpG:113842126-113842489","","","","","","",-0.733302884202798,1.8811994380288,-5.02383667579201,8.91750778415156e-06,0.00648330114401036,3.45924974237898,"cg18546840",2.54504826813379e-07,-0.124172688710763
"77","chr11",12530155,"+","cg11758841",NA,NA,NA,NA,NA,NA,"","OpenSea","PARVA","NM_018222","Body","","","TRUE","","","","",-0.70587061796724,1.21142147763361,-5.02121124397508,8.99523590947571e-06,0.00649048644040689,3.45138622855289,"cg11758841",7.26340190512883e-07,-0.110811881562735
"78","chr4",186732926,"+","cg04392082",NA,NA,NA,NA,NA,NA,"","OpenSea","SORBS2;SORBS2;SORBS2;SORBS2;SORBS2;SORBS2;SORBS2","NM_003603;NM_021069;NM_001145670;NM_001145670;NM_001145671;NM_003603;NM_001145672","5'UTR;5'UTR;5'UTR;1stExon;TSS1500;1stExon;TSS1500","low-CpG:186969878-186970382","","","4:186969831-186969954","","","",1.05506847963722,-1.42236161335762,4.97972999266033,1.03159266890496e-05,0.00686568800098137,3.32726135749062,"cg04392082",0.000176983024410067,0.150951100905671
"79","chr14",54418804,"-","cg05923197",NA,NA,NA,NA,NA,NA,"chr14:54418677-54418881","Island","BMP4;BMP4;BMP4","NM_130850;NM_001202;NM_130851","Body;Body;Body","","","","14:53488353-53488602","","","",-1.53546823875783,3.35363797541734,-4.97039740500249,1.06384750857722e-05,0.00692374515377857,3.29936625861857,"cg05923197",0.0003813588873704,-0.121447234941166
"80","chr1",103574619,"-","cg16968885",NA,NA,NA,NA,NA,NA,"","OpenSea","COL11A1;COL11A1;COL11A1;COL11A1","NM_001168249;NM_080629;NM_080630;NM_001854","TSS1500;TSS1500;TSS1500;TSS1500","","","TRUE","","","","",-0.747623040207591,1.91163111248768,-4.96010962946362,1.10055766011422e-05,0.00706429123652956,3.26862956410715,"cg16968885",4.06390211487663e-05,-0.105217596954121
"81","chr6",32819858,"+","cg26033526","rs2071481",0.118152,NA,NA,NA,NA,"chr6:32820849-32822370","N_Shore","TAP1","NM_000593","Body","","","","","","","",0.809796588585088,0.313808785703347,4.90384349436572,1.32456901454172e-05,0.00747979129890764,3.10078041613543,"cg26033526",4.79510879855545e-05,0.118259333382889
"82","chr13",75900518,"-","cg00810292",NA,NA,NA,NA,NA,NA,"","OpenSea","TBC1D4","NM_014832","Body","","","TRUE","","13:75900495-75901573","Promoter_Associated_Cell_type_specific","",0.777258262977188,0.429573937315126,4.86277967894227,1.51588437480639e-05,0.0079182731540015,2.97856634026569,"cg00810292",0.000235479028867543,0.112228521818744
"83","chr8",144437914,"+","cg11284147",NA,NA,NA,NA,NA,NA,"chr8:144441870-144442438","N_Shelf","","","","","","","","","","",-0.890593671192102,-0.49390506463601,-4.84791184561884,1.59166624207154e-05,0.00808877518411946,2.93437825709446,"cg11284147",0.000140896263630017,-0.106602972135105
"84","chr4",145566441,"-","cg07318204",NA,NA,NA,NA,NA,NA,"chr4:145566242-145567413","Island","HHIP","NM_022475","TSS1500","","CDMR","","4:145785693-145787633","","","TRUE",-1.14367108914279,1.18365103327446,-4.81828636341123,1.75396625720219e-05,0.00835291007596719,2.84642996738901,"cg07318204",9.83167799625981e-06,-0.187226853246684
"85","chr10",114574959,"+","cg12691572",NA,NA,NA,NA,NA,NA,"","OpenSea","VTI1A","NM_145206","Body","","","","10:114564797-114565105","","","",-0.985426824410432,-0.317825629719303,-4.77200741804487,2.04065908427452e-05,0.00884296644506662,2.70931874458824,"cg12691572",0.000198062858608385,-0.100154619050854
"86","chr19",8591364,"+","cg22987448",NA,NA,NA,NA,NA,NA,"chr19:8591294-8591842","Island","MYO1F","NM_012335","Body","","","","19:8497324-8497807","","","",1.82480347899818,3.02366118457055,4.74597374515134,2.22171400709906e-05,0.00908931611769731,2.63234115217071,"cg22987448",0.000264534438539184,0.228287329411493
"87","chr14",69282256,"+","cg10318744",NA,NA,NA,NA,NA,NA,"chr14:69283046-69283605","N_Shore","","","","","","TRUE","","14:69282176-69284638","Promoter_Associated","TRUE",0.712301217525603,0.68622242359401,4.72003219871749,2.41782373687537e-05,0.00929166793034699,2.55574877989758,"cg10318744",4.06390211487663e-05,0.100917883631048
"88","chr5",6775909,"-","cg20710519",NA,NA,NA,NA,NA,NA,"","OpenSea","","","","","","","5:6828901-6828962","","","",0.787029128252033,-1.64388683861121,4.71200037395187,2.48192302707287e-05,0.00937616827974099,2.5320580918976,"cg20710519",0.000167169162671412,0.112373044442612
"89","chr6",168778225,"-","cg08515442",NA,NA,NA,NA,NA,NA,"","OpenSea","","","","","","","6:168521052-168521162","","","",0.457303528743521,0.606424942831972,4.70733777532091,2.51989715681787e-05,0.00941603116590194,2.51831038670541,"cg08515442",1.53139931824873e-06,0.104165738743388
"90","chr3",35706161,"-","cg15571561",NA,NA,NA,NA,NA,NA,"","OpenSea","ARPP-21","NM_016300","5'UTR","","DMR","","","","","",0.754337250271057,-1.95870493168213,4.692680684422,2.64302925334527e-05,0.0095300198011942,2.47511848310102,"cg15571561",2.48302989755568e-05,0.111046385248888
"91","chr7",114055133,"+","cg24786986",NA,NA,NA,NA,NA,NA,"","OpenSea","FOXP2;FOXP2;FOXP2;FOXP2;FOXP2;FOXP2","NM_148898;NM_148898;NM_148899;NM_014491;NM_014491;NM_148899","1stExon;5'UTR;5'UTR;1stExon;5'UTR;1stExon","low-CpG:113842126-113842489","","","","","","",-0.66280032101246,1.50434767137737,-4.67812814529701,2.77112869833144e-05,0.00971654274741225,2.4322720352674,"cg24786986",1.31802230752755e-06,-0.126197170270233
